INSERT INTO `admins` (`id`, `state`, `name`, `email`, `cellphone`, `password`, `portrait`, `time`, `last_login_at`, `created_at`, `updated_at`) VALUES
(1, 1, 'admin', 'admin@gmail.com', '13333333333', '$2y$10$nxcmBpwq2/0d4QKom9ZevuxmJlZ4dBi12Uyn2V65e2rBtnXYq49.q', 'https://dsshop.dswjcms.com/storage/image/portrait/4dq8h1607946382.png', '2020-08-01 08:00:00', '2021-02-07 16:48:38', '2020-08-01 20:56:32', '2021-02-07 16:48:38'),
(2, 1, 'abcd12345', 'abcd12345@123.com', '13333333334', '$2y$10$jEUYHRTGofk5h3ZuS.BiCewYU3/zLxBuMtS8.Qchu2l2RMd6BT5h2', 'https://dssaas.dswjcms.com/storage/image/portrait/IaOyF1562983431.jpg', '2020-08-01 18:10:37', '2020-08-01 18:10:37', '2020-08-01 18:10:37', '2020-08-01 10:23:05');
INSERT INTO `admin_auth_group` (`admin_id`, `auth_group_id`) VALUES
(2, 2),
(1, 1);
INSERT INTO `articles` (`id`, `column_id`, `name`, `keyword`, `describes`, `show`, `sort`, `pv`, `created_at`, `updated_at`) VALUES
(1, 1, '隐私权政策', '隐私权政策', '隐私权政策', 1, 5, 47, '2020-10-30 12:17:04', '2021-02-04 15:10:42'),
(2, 1, '用户注册协议', '用户注册协议', '用户注册协议', 1, 5, 25, '2020-10-30 12:35:04', '2021-01-08 17:14:38'),
(3, 1, '账户注销须知', '账户注销须知', '账户注销须知', 1, 5, 6, '2020-12-07 16:46:31', '2021-01-25 19:58:36');
INSERT INTO `article_propertys` (`id`, `article_id`, `details`, `created_at`, `updated_at`) VALUES
(1, 1, '<p align=\"left\">版本生效日期：2020年12月07日</p>\n<p align=\"center\">引言</p>\n<p align=\"left\">XX有限公司（以下简称我们）非常重视用户的隐私和个人信息保护。您在使用我们的产品与/或服务时，我们可能会收集和使用您的相关信息。我们希望通过《dsshop隐私政策》（以下简称&ldquo;本隐私政策&rdquo;）向您说明在您使用我们的产品与/或服务时，我们如何收集、使用、保存、共享和转让这些信息，以及我们为您提供的访问、更新、删除和保护这些信息的方式。</p>\n<p align=\"left\">本隐私政策将帮助您了解以下内容：<br />一、我们如何收集和使用您的个人信息<br />二、我们如何使用&nbsp;Cookies&nbsp;和同类技术<br />三、我们如何共享、转让、公开披露您的个人信息<br />四、我们如何保护和保存您的个人信息<br />五、您如何管理个人信息<br />六、未成年人的个人信息保护<br />七、通知和修订<br />八、如何联系我们</p>\n<p align=\"left\">本隐私政策与您所使用的dsshop商城服务以及该服务所包括的各种业务功能（以下统称&ldquo;我们的产品与/或服务&rdquo;）息息相关，希望您在使用我们的产品与/或服务前仔细阅读并确认您已经充分理解本隐私政策所写明的内容，并让您可以按照本隐私政策的指引做出您认为适当的选择。本隐私政策中涉及的相关术语，我们尽量简明扼要的表述，并提供进一步说明的链接，以便您更好地理解。您开始使用或在我们更新本隐私政策后（我们会及时提示您更新的情况）继续使用我们的产品与/或服务，即意味着您同意本隐私政策（含更新版本）内容，并且同意我们按照本隐私政策收集、使用、保存和共享您的相关信息。</p>\n<p align=\"left\">请您特别注意：本隐私政策适用于我们以网站、客户端、小程序以及随技术发展出现的新形态向您提供的各项产品和服务。如我们及关联公司的产品或服务中使用了dsshop商城的产品或服务（如使用dsshop商城账户登录）但未设独立隐私权政策的，则本隐私政策同样适用于该部分产品或服务。我们就其向您提供的产品或服务单独设有隐私权政策的，则相应产品或服务适用相应隐私权政策。</p>\n<p align=\"left\">如对本隐私政策或相关事宜有任何问题，您可随时通过在线客服、发送邮件至privacy@dsshop.test或拨打我们的任何一部客服电话等多种方式与我们联系。</p>\n<p align=\"left\">一、我们如何收集和使用您的个人信息</p>\n<p align=\"left\">个人信息是指以电子或者其他方式记录的能够单独或者与其他信息结合识别特定自然人身份或者反映特定自然人活动情况的各种信息。个人敏感信息是指一旦泄露、非法提供或滥用可能危害人身和财产安全，极易导致个人名誉、身心健康受到损害或歧视性待遇的个人信息。本隐私政策中涉及的个人信息包括：基本信息（包括个人姓名、生日、性别、住址、个人电话号码、电子邮箱）；个人身份信息（包括身份证、军官证、护照、驾驶证等）；个人生物识别信息（包括声纹、面部识别特征等）；网络身份标识信息（包括个人信息主体账号、IP地址、个人数字证书等）；个人财产信息（包括交易和消费记录、余额、优惠券、游戏类兑换码等虚拟财产信息）；通讯录；个人上网记录（包括网页浏览记录、软件使用记录、点击记录）；个人常用设备信息（包括硬件型号、设备MAC地址、操作系统类型、软件列表唯一设备识别码（如IMEI/androidID/IDFA/OPENUDID/GUID、SIM卡IMSI信息等在内的描述个人常用设备基本情况的信息））；个人位置信息（包括行程信息、精准定位信息、住宿信息、经纬度等）；其中，字体加粗部分为涉及的个人敏感信息。</p>\n<p align=\"left\">我们仅会出于以下目的，收集和使用您的个人信息：</p>\n<p align=\"left\">（一）您须授权我们收集和使用您个人信息的情形</p>\n<p align=\"left\">我们的产品与/或服务包括一些核心功能，这些功能包含了实现网上购物所必须的功能及保障交易安全所必须的功能。我们可能会收集和使用下列与您有关的信息才能实现上述这些功能。如果您不提供相关信息，您将无法享受我们提供的产品与/或服务。这些功能包括：</p>\n<p align=\"left\">1、实现网上购物所必须的功能</p>\n<p align=\"left\">（1）用户注册</p>\n<p align=\"left\">您首先需要注册一个dsshop账户以成为dsshop用户。当您注册时，您至少需要向我们提供您准备使用的dsshop账户名、密码、您本人的手机号码、电子邮箱地址（用于验证邮箱），我们将通过发送短信验证码或邮件的方式来验证您的身份是否有效。您的账户名为您的默认昵称，您可以修改和补充您的昵称、性别、生日、兴趣爱好以及您的实名认证相关信息，这些信息均属于您的&ldquo;账户信息&rdquo;。您补充的账户信息将有助于我们为您提供个性化的商品推荐和更优的购物体验，但如果您不提供这些补充信息，不会影响您使用网上购物的基本功能。</p>\n<p align=\"left\">（2）商品信息展示和搜索</p>\n<p align=\"left\">为了让您快速地找到您所需要的商品，我们可能会收集您使用我们的产品与/或服务的设备信息（包括设备名称、设备型号、设备识别码、操作系统和应用程序版本、语言设置、分辨率、服务提供商网络ID（PLMN））、浏览器类型来为您提供商品信息展示的最优方式。我们也会为了不断改进和优化上述的功能来使用您的上述信息。</p>\n<p align=\"left\">您也可以通过搜索来精准地找到您所需要的商品或服务。我们会保留您的搜索内容以方便您重复输入或为您展示与您搜索内容相关联的商品或服务。</p>\n<p align=\"left\">请您注意，单独的设备信息、浏览器类型或仅搜索关键词信息无法识别您的身份，不属于您的个人信息，我们有权以任何的目的对其进行使用；只有当您的设备信息、浏览器类型或搜索关键词信息与您的其他信息相互结合使用并可以识别您的身份时，在结合使用期间，我们会将您的设备信息、浏览器类型或搜索关键词信息作为您的个人信息，按照本隐私政策对其进行处理与保护。</p>\n<p align=\"left\">为了将您感兴趣的商品或服务信息展示给您，或在您搜索时向您展示您可能希望找到的商品或服务，我们可能会收集您的订单信息、浏览信息、您的兴趣爱好（您可以在账户信息中填写）进行数据分析以形成用户画像。我们还可能为了提供服务及改进服务质量的合理需要而获得的您的其他信息，包括您与客服联系时您提供的相关信息，您参与问卷调查时向我们发送的问卷答复信息，以及您与我们合作伙伴之间互动时我们获得的相关信息。对于从您的各种设备上收集到的信息，我们可能会将它们进行关联，以便我们能在这些设备上为您提供一致的服务。我们可能会将来自某项服务的信息与来自其他服务的信息结合起来，以便为您提供服务、个性化内容和建议。如果您不希望受个性化内容的影响，您可以在商品展示页选择按照分类进行浏览和查找商品和服务。我们还在搜索结果中向您提供了按照价格、销量排序等不针对个人特征的选项；未经您的明确同意，我们不会将您的相关个人信息提供给第三方。</p>\n<p align=\"left\">（3）下单</p>\n<p align=\"left\">当您准备对您购物车内的商品进行结算时，dsshop系统会生成您购买该商品的订单。您需要在订单中至少填写您的收货人姓名、收货地址以及手机号码，同时该订单中会载明订单号、您所购买的商品或服务信息、您应支付的货款金额及支付方式；您可以另外填写收货人的固定电话、邮箱地址信息以增加更多的联系方式从而确保商品可以准确送达，但不填写这些信息不影响您订单的生成。</p>\n<p align=\"left\">您在dsshop上预订机票、火车票、酒店、跟团旅行、购买手机号卡或合约机、办理宽带等业务时，您还可能需要根据国家法律法规或服务提供方（包括票务销售方、酒店、旅行社及其授权的代理方、基础电信运营商、移动转售运营商等）的要求提供您的实名信息，这些实名信息可能包括您的身份信息（比如您的出生证明、户口本、身份证、军官证、护照、驾驶证等载明您身份信息的证件复印件或号码）、您本人的照片或视频、姓名、电话号码。这些订单中将可能包含您的行程、酒店地址、您指定的服务地址或设备安装地址（可能是您的家庭地址）信息。</p>\n<p align=\"left\">上述所有信息构成您的&ldquo;订单信息&rdquo;，我们将使用您的订单信息来进行您的身份核验、确定交易、支付结算、完成配送、为您查询订单以及提供客服咨询与售后服务。我们还会使用您的订单信息来判断您的交易是否存在异常以保护您的交易安全。</p>\n<p align=\"left\">（4）支付功能</p>\n<p align=\"left\">在您下单后，您可以选择dsshop的关联方或与dsshop合作的第三方支付机构（包括微信支付及银联、网联等支付通道，以下统称&ldquo;支付机构&rdquo;）所提供的支付服务。支付功能本身并不收集您的个人信息，但我们需要将您的dsshop订单号及交易金额信息与这些支付机构共享以实现其确认您的支付指令并完成支付。&ldquo;关联方&rdquo;指一方现在或将来控制、受控制或与其处于共同控制下的任何公司、机构以及上述公司或机构的法定代表人。&ldquo;控制&rdquo;是指直接或间接地拥有影响所提及公司管理的能力，无论是通过所有权、有投票权的股份、合同或其他被人民法院认定的方式。</p>\n<p align=\"left\">（5）交付产品与/或服务功能</p>\n<p align=\"left\">在当您下单并选择在线完成支付后，dsshop、供应商、与dsshop合作的商家或第三方配送公司（以下简称&ldquo;配送公司&rdquo;）将为您完成订单的交付。您知晓并同意dsshop、供应商、与dsshop合作的商家或配送公司会在上述环节内使用您的订单信息以保证您的订购的商品能够安全送达。</p>\n<p align=\"left\">我们的配送员在为您提供配送服务的同时，基于某些业务法律要求实名认证的需求，会协助您完成实名认证，例如在您购买手机号卡服务时。我们在此环节会使用您的身份证通过国家有权认证机构的专有设备对您的身份进行核验，我们不会在此环节收集您的身份证信息，且我们的配送员均须遵守公司保密制度的规定。</p>\n<p align=\"left\">（6）客服与售后功能</p>\n<p align=\"left\">我们的电话客服和售后功能会使用您的账号信息和订单信息。</p>\n<p align=\"left\">为保证您的账号安全，我们的呼叫中心客服和在线客服会使用您的账号信息与您核验您的身份。当您需要我们提供与您订单信息相关的客服与售后服务时，我们将会查询您的订单信息。您有可能会在与我们的客服人员沟通时，提供上述信息外的其他信息，例如当您要求我们变更配送地址、联系人或联系电话时。</p>\n<p align=\"left\">2、保障交易安全所必须的功能</p>\n<p align=\"left\">为提高您使用我们的产品与/或服务时系统的安全性，更准确地预防钓鱼网站欺诈和保护账户安全，我们可能会通过了解您的浏览信息、订单信息、您常用的软件信息、设备信息来判断您的账号风险，并可能会记录一些我们认为有风险的链接（&ldquo;URL&rdquo;&gt;）。我们也会收集您的设备信息对dsshop系统问题进行分析、统计流量并排查可能存在的风险，在您选择向我们发送异常信息时予以排查。</p>\n<p align=\"left\">（二）您可自主选择提供个人信息的情形</p>\n<p align=\"left\">1、为使您购物更便捷或更有乐趣，从而提升您在dsshop的网上购物体验，我们的以下扩展功能中可能会收集和使用您的个人信息。如果您不提供这些个人信息，您依然可以进行网上购物，但您可能无法使用为您带来购物乐趣的扩展功能或在购买某些商品时需要重复填写一些信息。这些扩展功能包括：</p>\n<p align=\"left\">（1）基于位置信息的个性化推荐功能：我们会收集您的位置信息（我们仅收集您当时所处的地理位置，但不会将您各时段的位置信息进行结合以判断您的行踪轨迹）来判断您所处的地点，自动为您推荐您所在区域可以购买的产品与/或服务，例如向您推荐离您最近的可选酒店。</p>\n<p align=\"left\">（2）基于摄像头（相机）的扩展功能：您可以使用这项扩展功能完成视频拍摄、拍照、扫码以及人脸识别登录的功能。当您使用人脸识别登录时我们会收集您的面部信息。未来我们可能会将人脸识别技术应用于更多场景，届时我们会再次与您确认您是否愿意我们使用您的面部信息来实现这些扩展功能。</p>\n<p align=\"left\">（3）基于图片上传的扩展功能：您可以在dsshop上传您的照片来实现拍照购物功能和晒单、评价及问答功能，我们会使用您所上传的图片或视频来识别您需要购买的产品与/或服务，或者使用包含您所上传图片或视频的晒单、评价及问答内容。</p>\n<p align=\"left\">（4）基于语音技术的扩展功能：您可以直接使用麦克风来进行语音购物或与我们的客服进行咨询和互动。在这些功能中我们会收集您的录音内容以识别您的购物需求以及客服与售后需求。</p>\n<p align=\"left\">（5）基于通讯录信息的扩展功能：在这项功能中我们将收集您的通讯录信息以方便您在购物时不需再手动输入您通讯录中联系人的信息（例如您可以直接为通讯录中的电话号码充值）。为了增加您购物时的社交乐趣，在获得您的同意时我们也可以判断您的好友是否也同为dsshop用户，并在dsshop为你们的交流建立联系。</p>\n<p align=\"left\">2、上述扩展功能可能需要您在您的设备中向我们开启您的地理位置（位置信息）、相机（摄像头）、相册（图片库）、麦克风以及通讯录的访问权限，以实现这些功能所涉及的信息的收集和使用。您可以在dsshop商城通过访问&ldquo;账户设置&mdash;通用&mdash;隐私设置&rdquo;页面逐项查看您上述权限的开启状态，并可以决定将这些权限随时的开启或关闭（我们会指引您在您的设备系统中完成设置）。请您注意，您开启这些权限即代表您授权我们可以收集和使用这些个人信息来实现上述功能，您关闭权限即代表您取消了这些授权，则我们将不再继续收集和使用您的这些个人信息，也无法为您提供上述与这些授权所对应的功能。您关闭权限的决定不会影响此前基于您的授权所进行的个人信息的处理。</p>\n<p align=\"left\">（三）您应充分知晓，以下情形中，我们收集、使用个人信息无需征得您的授权同意：</p>\n<p align=\"left\">1、与国家安全、国防安全有关的；<br />2、与公共安全、公共卫生、重大公共利益有关的；<br />3、与犯罪侦查、起诉、审判和判决执行等有关的；<br />4、出于维护个人信息主体或其他个人的生命、财产等重大合法权益但又很难得到本人同意的；<br />5、所涉及的个人信息是个人信息主体或监护人自行向社会公众公开的；<br />6、从合法公开披露的信息中收集的您的个人信息的，如合法的新闻报道、政府信息公开等渠道；<br />7、根据您的要求签订和履行合同所必需的；<br />8、用于维护所提供的产品与/或服务的安全稳定运行所必需的，例如发现、处置产品与/或服务的故障；<br />9、为合法的新闻报道所必需的；<br />10、学术研究机构基于公共利益开展统计或学术研究所必要，且对外提供学术研究或描述的结果时，对结果中所包含的个人信息进行去标识化处理的；<br />11、法律法规规定的其他情形。</p>\n<p align=\"left\">（四）我们从第三方获得您个人信息的情形</p>\n<p align=\"left\">我们可能从第三方获取您授权共享的账户信息（头像、昵称），并在您同意本隐私政策后将您的第三方账户与您的dsshop账户绑定，使您可以通过第三方账户直接登录并使用我们的产品与/或服务。我们会将依据与第三方的约定，对个人信息来源的合法性进行确认后，在符合相关法律和法规规定的前提下，使用您的这些个人信息。</p>\n<p align=\"left\">（五）您个人信息使用的规则</p>\n<p align=\"left\">1、我们会根据本隐私政策的约定，为实现我们的产品与/或服务功能而对所收集的个人信息进行使用。</p>\n<p align=\"left\">2、在收集您的个人信息后，我们将通过技术手段对信息进行去标识化处理，去标识化处理的信息将无法识别主体。请您了解并同意，在此情况下我们有权使用已经去标识化的信息；并在不透露您个人信息的前提下，我们有权对用户数据库进行分析并予以商业化的利用。</p>\n<p align=\"left\">3、请您了解并同意，对于您在使用我们的产品与/或服务时所提供的所有个人信息，除非您删除或通过系统设置拒绝我们收集，否则将被视为在您使用我们的产品与/或服务期间持续授权同意我们使用。在您注销账号时，我们将停止使用并删除您的个人信息，具体请详见本隐私政策附件《dsshop账户注销须知》。</p>\n<p align=\"left\">4、我们会对我们的产品与/或服务使用情况进行统计，并可能会与公众或第三方共享这些统计信息，以展示我们的产品与/或服务的整体使用趋势。但这些统计信息不包含您的任何身份识别信息。</p>\n<p align=\"left\">5、当我们展示您的个人信息时，我们会采用包括内容替换、匿名处理方式对您的信息进行脱敏，以保护您的信息安全。</p>\n<p align=\"left\">6、当我们要将您的个人信息用于本隐私政策未载明的其它用途时，或基于特定目的收集而来的个人信息用于其他目的时，会事先征求您的明示同意。请您理解，我们向您提供的产品与/或服务将不断更新变化。如果您选择使用本隐私政策中尚未列明的其他产品与/或服务时，我们会在收集您的个人信息前通过协议、页面提示等方式向您详细说明信息收集的目的、方式、范围并征求您的同意。若您不同意提供前述信息，您可能无法使用该项产品与/或服务，但不影响您使用现有产品与/&lt;或服务。</p>\n<p align=\"left\">二、我们如何使用&nbsp;Cookies&nbsp;和同类技术</p>\n<p align=\"left\">（一）Cookies的使用</p>\n<p align=\"left\">1、为实现您联机体验的个性化需求，使您获得更轻松的访问体验。我们会在您的计算机或移动设备上发送一个或多个名为Cookies的小数据文件，指定给您的Cookies&nbsp;是唯一的，它只能被将Cookies发布给您的域中的Web服务器读取。我们向您发送Cookies是为了简化您重复登录的步骤、存储您的购物偏好或您购物车中的商品数据，进而为您提供购物的偏好设置、帮助您优化对广告的选择与互动、帮助判断您的登录状态以及账户或数据安全。</p>\n<p align=\"left\">2、我们不会将&nbsp;Cookies&nbsp;用于本隐私政策所述目的之外的任何用途。您可根据自己的偏好管理或删除&nbsp;Cookies。您可以清除计算机上保存的所有&nbsp;Cookies，大部分网络浏览器会自动接受&lt;Cookies，但您通常可根据自己的需要来修改浏览器的设置以拒绝&nbsp;Cookies；另外，您也可以清除软件内保存的所有Cookies。但如果您这么做，您可能需要在每一次访问dsshop网站时亲自更改用户设置，而且您之前所记录的相应信息也均会被删除，并且可能会对您所使用服务的安全性有一定影响。</p>\n<p align=\"left\">（二）网络Beacon和同类技术的使用</p>\n<p align=\"left\">除Cookies&nbsp;外，我们还会在网站上使用网络Beacon等其他同类技术。我们的网页上常会包含一些电子图像（称为\"单像素\" GIF&nbsp;文件或&nbsp;\"网络&nbsp;Beacon\"）。我们使用网络Beacon的方式有：</p>\n<p align=\"left\">1、通过在dsshop网站上使用网络Beacon，计算用户访问数量、停留时间，并通过访问&nbsp;Cookies&nbsp;辨认注册的dsshop用户；</p>\n<p align=\"left\">2、通过得到的Cookies信息，为您提供个性化服务。</p>\n<p align=\"left\">三、我们如何共享、转让、公开披露您的个人信息</p>\n<p align=\"left\">（一）共享</p>\n<p align=\"left\">1、我们不会与dsshop以外的任何公司、组织和个人共享您的个人信息，但以下情况除外：<br />（1）事先获得您明确的同意或授权；<br />（2）根据适用的法律法规、法律程序的要求、强制性的行政或司法要求所必须的情况下进行提供；<br />（3）在法律法规允许的范围内，为维护dsshop或合作伙伴、您或其他dsshop用户或社会公众利益、财产或安全免遭损害而有必要提供；<br />（4） 只有共享您的个人信息，才能实现我们的产品与/或服务的核心功能或提供您需要的服务；<br />（5）应您需求为您处理您与他人的纠纷或争议；<br />（6）符合与您签署的相关协议（包括在线签署的电子协议以及相应的平台规则）或其他的法律文件约定所提供；<br />（7）基于学术研究而使用；<br />（8）基于符合法律法规的社会公共利益而使用。</p>\n<p align=\"left\">2、我们可能会将您的个人信息与我们的关联方共享。但我们只会共享必要的个人信息，且受本隐私政策中所声明目的的约束。我们的关联方如要改变个人信息的处理目的，将再次征求您的授权同意。</p>\n<p align=\"left\">3、我们可能会向合作伙伴等第三方共享您的订单信息、账户信息、设备信息以及位置信息，以保障为您提供的服务顺利完成。但我们仅会出于合法、正当、必要、特定、明确的目的共享您的个人信息，并且只会共享提供产品/与或服务所必要的个人信息。我们的合作伙伴无权将共享的个人信息用于任何其他用途。&nbsp;我们的合作伙伴包括以下类型：</p>\n<p align=\"left\">（1）商品或技术服务的供应商。我们可能会将您的个人信息共享给支持我们功能的供应商。这些支持包括为我们供货或提供基础设施技术服务、物流配送服务、支付服务、数据处理等。我们共享这些信息的目的是可以实现我们产品与/或服务的核心购物功能，比如我们必须与物流服务供应商共享您的订单信息才能安排送货；当您下单的商品或服务由供应商直接发货或提供服务时，我们需要将您订单中的订购信息和收货信息共享给供应商，以指示其交付商品或提供服务。</p>\n<p align=\"left\">（2）第三方商家。我们必须将您的订单信息与交易有关的必要信息与第三方商家共享来实现您向其购买商品或服务的需求，并促使其可以完成后续的售后服务。</p>\n<p align=\"left\">（3）委托我们进行推广的合作伙伴（&ldquo;委托方&rdquo;）。有时我们会接受其他企业委托向使用我们产品与/或服务的用户群进行促销推广。我们可能会使用您的个人信息以及您的非个人信息集合形成的间接用户画像与委托方共享，但我们仅会向这些委托方提供推广的覆盖面和有效性的信息，而不会提供您的个人身份信息或者将这些信息进行汇总，以便提供该等信息并不会识别您个人。例如我们可以告知该委托方在浏览了委托方推广信息或在看到这些信息后购买了委托方的商品的人数，或者向委托方提供不能识别个人身份的统计信息，以帮助其了解受众或顾客。</p>\n<p align=\"left\">4、对我们与之共享个人信息的公司、组织和个人，我们会与其签署严格的保密协定，要求他们按照我们的说明、本隐私政策以及其他任何相关的保密和安全措施来处理个人信息。</p>\n<p align=\"left\">5、为了遵守法律、执行或适用我们的使用条件和其他协议，或者为了保护dsshop、您或其他dsshop用户的权利及其财产或安全，比如为防止欺诈等违法活动和减少信用风险，而与其他公司和组织交换信息。不过，这并不包括违反本隐私政策中所作的承诺而为获利目的出售、出租、共享或以其它方式披露的个人信息。</p>\n<p align=\"left\">（二）转让</p>\n<p align=\"left\">我们不会将您的个人信息转让给任何公司、组织和个人，但以下情况除外：</p>\n<p align=\"left\">1、事先获得您明确的同意或授权；</p>\n<p align=\"left\">2、根据适用的法律法规、法律程序的要求、强制性的行政或司法要求所必须的情况进行提供；</p>\n<p align=\"left\">3、符合与您签署的相关协议（包括在线签署的电子协议以及相应的平台规则）或其他的法律文件约定所提供；</p>\n<p align=\"left\">4、在涉及合并、收购、资产转让或类似的交易时，如涉及到个人信息转让，我们会要求新的持有您个人信息的公司、组织继续受本隐私政策的约束，否则，我们将要求该公司、组织重新征求您的授权同意。</p>\n<p align=\"left\">（三）公开披露</p>\n<p align=\"left\">我们仅会在以下情况下，且采取符合业界标准的安全防护措施的前提下，才会公开披露您的个人信息：</p>\n<p align=\"left\">1、根据您的需求，在您明确同意的披露方式下披露您所指定的个人信息；</p>\n<p align=\"left\">2、根据法律、法规的要求、强制性的行政执法或司法要求所必须提供您个人信息的情况下，我们可能会依据所要求的个人信息类型和披露方式公开披露您的个人信息。在符合法律法规的前提下，当我们收到上述披露信息的请求时，我们会要求必须出具与之相应的法律文件，如传票或调查函。我们坚信，对于要求我们提供的信息，应该在法律允许的范围内尽可能保持透明。我们对所有的请求都进行了慎重的审查，以确保其具备合法依据，且仅限于执法部门因特定调查目的且有合法权利获取的数据。在法律法规许可的前提下，我们披露的文件均在加密密钥的保护之下。</p>\n<p align=\"left\">四、我们如何保护和保存您的个人信息</p>\n<p align=\"left\">（一）我们保护您个人信息的技术与措施</p>\n<p align=\"left\">我们非常重视个人信息安全，并采取一切合理可行的措施，保护您的个人信息：</p>\n<p align=\"left\">1、数据安全技术措施</p>\n<p align=\"left\">我们会采用符合业界标准的安全防护措施，包括建立合理的制度规范、安全技术来防止您的个人信息遭到未经授权的访问使用、修改，避免数据的损坏或丢失。</p>\n<p align=\"left\">dsshop的网络服务采取了传输层安全协议等加密技术，通过https等方式提供浏览服务，确保用户数据在传输过程中的安全。</p>\n<p align=\"left\">dsshop采取加密技术对用户个人信息进行加密保存，并通过隔离技术进行隔离。</p>\n<p align=\"left\">在个人信息使用时，例如个人信息展示、个人信息关联计算，我们会采用包括内容替换、SHA256等多种数据脱敏技术增强个人信息在使用中的安全性。</p>\n<p align=\"left\">dsshop采用严格的数据访问权限控制和多重身份认证技术保护个人信息，避免数据被违规使用。</p>\n<p align=\"left\">dsshop采用代码安全自动检查、数据访问日志分析技术进行个人信息安全审计。</p>\n<p align=\"left\">2、dsshop为保护个人信息采取的其他安全措施</p>\n<p align=\"left\">dsshop通过建立数据分类分级制度、数据安全管理规范、数据安全开发规范来管理规范个人信息的存储和使用。</p>\n<p align=\"left\">dsshop通过信息接触者保密协议、监控和审计机制来对数据进行全面安全控制。</p>\n<p align=\"left\">3、我们仅允许有必要知晓这些信息的dsshop、合作伙伴访问个人信息，并为此设置了严格的访问权限控制和监控机制。我们同时要求可能接触到您个人信息的所有人员履行相应的保密义务。如果未能履行这些义务，可能会被追究法律责任或被终止与dsshop的合作关系。</p>\n<p align=\"left\">4、我们会采取一切合理可行的措施，确保未收集无关的个人信息。</p>\n<p align=\"left\">5、互联网并非绝对安全的环境，而且电子邮件、即时通讯、社交软件等与其他用户的交流方式无法确定是否完全加密，我们建议您使用此类工具时请使用复杂密码，并注意保护您的个人信息安全。在通过dsshop与第三方进行网上产品与/或服务的交易时，您不可避免的要向交易对方或潜在的交易对方披露自己的个人信息，如联络方式或者邮政地址等。请您妥善保护自己的个人信息，仅在必要的情形下向他人提供。</p>\n<p align=\"left\">6、安全事件处置</p>\n<p align=\"left\">为应对个人信息泄露、损毁和丢失等可能出现的风险，dsshop制定了多项制度，明确安全事件、安全漏洞的分类分级标准及相应的处理流程。dsshop也为安全事件建立了专门的应急响应团队，按照安全事件处置规范要求，针对不同安全事件启动安全预案，进行止损、分析、定位、制定补救措施并联合相关部门进行溯源和打击。</p>\n<p align=\"left\">一旦发生个人信息安全事件，我们将按照法律法规的要求，及时向您告知：安全事件的基本情况和可能的影响、我们已采取或将要采取的处置措施、您可自主防范和降低风险的建议、对您的补救措施等。我们同时将及时将事件相关情况以邮件、信函、电话、推送通知等方式告知您，当难以逐一告知个人信息主体时，我们会采取合理、有效的方式发布公告。同时，我们还将按照监管部门要求，主动上报个人信息安全事件的处置情况。</p>\n<p align=\"left\">7、互联网环境并非百分之百安全，我们将尽力确保或担保您发送给我们的任何信息的安全性。如果我们的物理、技术或管理防护设施遭到破坏，导致信息被非授权访问、公开披露、篡改或毁坏，导致您的合法权益受损，我们将承担相应的法律责任。</p>\n<p align=\"left\">8、如果您对我们的个人信息保护有任何疑问，可通过本隐私政策中约定的联系方式联系我们。如您发现自己的个人信息泄露，尤其是您的账户及密码发生泄露，请您立即通过本隐私政策中约定的联系方式联络我们，以便我们采取相应措施。</p>\n<p align=\"left\">（二）您个人信息的保存</p>\n<p align=\"left\">1、您的个人信息将存储于中华人民共和国境内。如您使用跨境交易服务，且需要向境外传输您的个人信息完成交易的，我们会单独征得您的授权同意并要求接收方按照我们的说明、本隐私政策以及其他任何相关的保密和安全措施来处理这些个人信息。</p>\n<p align=\"left\">2、在您使用我们的产品与/或服务期间，您的个人信息将在为了实现本政策所述目的之期限内保存，同时将结合法律有强制的留存要求期限的规定确定，如《中华人民共和国电子商务法》要求商品和服务信息、交易信息保存时间自交易完成之日起不少于三年。在超出保存期间后，我们会根据适用法律的要求删除您的个人信息，或进行匿名化处理。</p>\n<p align=\"left\">3、请您注意，当您成功注销dsshop账户后，我们将对您的个人信息进行删除或匿名化处理。当您或我们协助您删除相关信息后，因为适用的法律和安全技术限制，我们可能无法立即从备份系统中删除相应的信息，我们将安全地存储您的个人信息并限制对其的任何进一步的处理，直到备份可以删除或实现匿名化。</p>\n<p align=\"left\">4、如果我们终止服务或运营，我们会至少提前三十日向您通知，并在终止服务或运营后对您的个人信息进行删除或匿名化处理。</p>\n<p align=\"left\">五、您如何管理您的个人信息</p>\n<p align=\"left\">dsshop非常重视您对个人信息的关注，并尽全力保护您对于您个人信息访问、更正、删除以及撤回同意的权利，以使您拥有充分的能力保障您的隐私和安全。您的权利包括：</p>\n<p align=\"left\">1、访问和更正您的个人信息</p>\n<p align=\"left\">除法律法规规定外，您有权随时访问和更正您的个人信息，具体包括：<br />（1）您的账户信息：账户名称、个人资料信息：首页--&ldquo;我的&rdquo;--&ldquo;设置&rdquo;--\"个人资料\"。<br />（2）您的收货信息：首页--&ldquo;我的&rdquo;--&ldquo;设置&rdquo;-&ldquo;收货地址&rdquo;菜单中随时添加、更改、删除您的收货地址信息（包括收货人姓名、收货地址、收货人的电话号码或邮箱）；您也可以将最常用的收货地址设置为默认地址，如此，若您下次购买商品时未更改收货地址，您的商品会配送到该默认地址。<br />（3）您的订单信息：首页--&ldquo;我的&rdquo;--&ldquo;设置&rdquo;-&ldquo;订单&rdquo;页面查看您的所有已经完成、待付款或待售后的订单。您可以选择删除已经完成和已取消的订单来删除您的订单信息，但这样可能导致我们无法准确判断您的购买信息而难以提供相应的售后服务，您也无法对删除的订单使用我们的晒单和评价功能。。<br />（4）对于您在使用我们的产品与/或服务过程中产生的其他个人信息需要访问或更正，请随时联系我们。我们会根据本隐私政策所列明的方式和期限响应您的请求。<br />（5）您无法访问和更正的个人信息：除上述列明的信息外，您的部分个人信息我们无法为您提供访问和更正的服务，这些信息主要是为了提升您的用户体验和保证交易安全所收集的您的设备信息、您使用扩展功能时产生的个人信息。上述信息我们会在您的授权范围内进行使用，您无法访问和更正，但您可联系我们进行删除或做匿名化处理。</p>\n<p align=\"left\">2、删除您的个人信息</p>\n<p align=\"left\">您在我们的产品与/或服务页面中可以直接清除或删除的信息，包括订单信息、浏览信息、收货地址信息。</p>\n<p align=\"left\">在以下情形中，您可以向我们提出删除个人信息的请求：</p>\n<p align=\"left\">（1）如果我们处理个人信息的行为违反法律法规；<br />（2）如果我们收集、使用您的个人信息，却未征得您的同意；<br />（3）如果我们处理个人信息的行为违反了与您的约定；<br />（4）如果我们终止服务及运营。</p>\n<p align=\"left\">若我们决定响应您的删除请求，我们还将同时通知从我们获得您的个人信息的实体，要求其及时删除，除非法律法规另有规定，或这些实体已经获得您的独立授权。若我们响应您的删除请求，我们不能保证立即从备份系统中删除相应的信息，但会在备份系统更新时删除这些信息。</p>\n<p align=\"left\">3、改变您授权同意的范围或撤回您的授权</p>\n<p align=\"left\">您可以通过删除信息、关闭设备功能、在dsshop网站或软件中进行隐私设置等方式改变您授权我们继续收集个人信息的范围或撤回您的授权。您也可以通过注销账户的方式，撤回我们继续收集您个人信息的全部授权。</p>\n<p align=\"left\">请您理解，每个业务功能需要一些基本的个人信息才能得以完成，当您撤回同意或授权后，我们无法继续为您提供撤回同意或授权所对应的服务，也不再处理您相应的个人信息。但您撤回同意或授权的决定，不会影响此前基于您的授权而开展的个人信息处理。</p>\n<p align=\"left\">4、注销账户</p>\n<p align=\"left\">您可以在我们的产品中直接申请注销账户。您可以通过访问我的--设置-注销服务-完成账号注销；关于您注销账户的方式以及您应满足的条件，请详见<a href=\"https://ihelp.jd.com/n/help/tip/getTipsFacade.json?tipId=73\" target=\"_blank\" rel=\"noopener\">《dsshop账户注销须知》</a>。您注销账户后，我们将停止为您提供产品与/或服务，并依据您的要求，除法律法规另有规定外，我们将删除您的个人信息。</p>\n<p align=\"left\">5、如果您不想接受我们给您发送的促销信息，您可随时通过以下方式取消：</p>\n<p align=\"left\">（1）您可通过账户设置页面的邮件订阅菜单中取消邮件订阅的促销信息。<br />（2）您可以根据促销短信内容提示，来取消我们给您发送的手机促销短信。<br />（3）您可以通过移动端APP&ldquo;账户设置-设置-推送消息设置-通知&rdquo;设置是否接受我们通过&ldquo;通知&rdquo;推动给您的商品和促销信息。<br />（4）我们会与第三方的平台或媒体（&ldquo;平台&rdquo;）合作基于您的个人信息向您推荐个性化的商品。这些个人信息包括诸如在本网站的购物情况、访问本网站及关联方网站的情况及您在您的账户设置中填写的兴趣爱好。平台仅向我们提供了展示商品的窗口，窗口内容的链接是dsshop站内的个性化商品展示信息，由dsshop进行管理，因此我们不会向广告商提供您的任何个人信息。而且我们在推荐窗内设置了屏蔽功能，您可选择屏蔽您不喜欢的广告。如您不愿意接受dsshop在单个平台上的推荐服务，请联系平台进行关闭。您知晓并理解平台是自主经营的实体，dsshop无法对其进行管理。<br />（5）为了保护您的隐私，我们不会以任何方式和途径向您推送涉及宗教信仰、性用品等相关敏感内容的促销或商品信息给您。</p>\n<p align=\"left\">6、响应您的请求</p>\n<p align=\"left\">如果您无法通过上述方式访问、更正或删除您的个人信息，或您需要访问、更正或删除您在使用我们产品与/或服务时所产生的其他个人信息，或您认为dsshop存在任何违反法律法规或与您关于个人信息的收集或使用的约定，您均可以发送电子邮件至privacy@dsshop.test或通过本隐私政策中的其他方式与我们联系。为了保障安全，我们可能需要您提供书面请求，或提供您的身份证明文件，我们将在收到您反馈并验证您的身份后的15天内答复您的请求。对于您合理的请求，我们原则上不收取费用，但对多次重复、超出合理限度的请求，我们将视情收取一定成本费用。对于那些无端重复、需要过多技术手段（例如，需要开发新系统或从根本上改变现行惯例）、给他人合法权益带来风险或者非常不切实际（例如，涉及备份磁带上存放的信息）的请求，我们可能会予以拒绝。</p>\n<p align=\"left\">在以下情形中，按照法律法规要求，我们将无法响应您的请求：<br />（1）与个人信息控制者履行法律法规规定的义务相关的；<br />（&lt;2）与国家安全、国防安全有关的；<br />（3）与公共安全、公共卫生、重大公共利益有关的；<br />（4）与刑事侦查、起诉、审判和执行判决等有关的；<br />（5）有充分证据表明您存在主观恶意或滥用权利的；<br />（6）出于维护个人信息主体或其他个人的生命、财产等重大合法权益但又很难得到本人同意的；<br />（7）响应您的请求将导致您或其他个人、组织的合法权益受到严重损害的；<br />（8）涉及商业秘密的。</p>\n<p align=\"left\">六、未成年人的个人信息保护</p>\n<p align=\"left\">1、dsshop非常重视对未成年人个人信息的保护。若您是18周岁以下的未成年人，在使用我们的产品与/或服务前，应事先取得您监护人的同意。dsshop根据国家相关法律法规的规定保护未成年人的个人信息。</p>\n<p align=\"left\">2、我们不会主动直接向未成年人收集其个人信息。对于经监护人同意而收集未成年人个人信息的情况，我们只会在受到法律允许、监护人同意或者保护未成年人所必要的情况下使用、共享、转让或披露此信息。</p>\n<p align=\"left\">3、如果有事实证明未成年人并未取得监护人同意的情况下注册使用了我们的产品与/或服务，我们会与相关监护人协商，并设法尽快删除相关个人信息。</p>\n<p align=\"left\">4、对于可能涉及的不满14周岁的儿童个人信息，我们进一步采取以下措施予以保障：（1）对于收集到的儿童个人信息，我们除遵守本隐私政策关于用户个人信息的约定外，还会秉持正当必要、知情同意、目的明确、安全保障、依法利用的原则，严格遵循《儿童个人信息网络保护规定》等法律法规的要求进行存储、使用、披露，且不会超过实现收集、使用目的所必须的期限，到期后我们会对儿童个人信息进行删除或匿名化处理。我们会指定专人负责儿童个人信息保护事宜，并设立了儿童个人信息保护的专门邮箱childprivacy@dsshop.test。我们还会制定儿童个人信息保护的内部专门制度。<br />（2）当您作为监护人为被监护的儿童选择使用dsshop相关服务时，我们可能需要向您收集被监护的儿童个人信息，用于向您履行相关服务之必要。在具体服务中需要向您收集儿童个人信息的，我们会事先取得您的授权同意，并告知您收集的目的和用途。如果您不提供前述信息，您将无法享受我们提供的相关服务。此外，您在使用晒单、评价及问答功能分享商品相关信息时可能会主动向我们提供儿童个人信息，请您明确知悉并谨慎选择。您作为监护人应当正确履行监护职责，保护儿童个人信息安全。若儿童本人需要注册或使用我们的产品与/或服务，您应正确引导并予以监护。<br />（3）儿童或其监护人有权随时访问和更正儿童个人信息，还可以向我们提出更正和删除的请求。如您对儿童个人信息相关事宜有任何意见、建议或投诉、举报，请联系我们。我们会随时为您提供帮助。</p>\n<p align=\"left\">七、通知和修订</p>\n<p align=\"left\">1、为给您提供更好的服务以及随着dsshop业务的发展，本隐私政策也会随之更新。但未经您明确同意，我们不会削减您依据本隐私政策所应享有的权利。我们会通过在dsshop网站、dsshop移动端上发出更新版本并在生效前通过网站公告或以其他适当方式提醒您相关内容的更新，也请您访问dsshop以便及时了解最新的隐私政策。</p>\n<p align=\"left\">2、对于重大变更，我们还会提供更为显著的通知（我们会通过包括但不限于邮件、短信或在浏览页面做特别提示等方式，说明隐私政策的具体变更内容）。</p>\n<p align=\"left\">本隐私政策所指的重大变更包括但不限于：<br />（1）我们的服务模式发生重大变化。如处理个人信息的目的、处理的个人信息类型、个人信息的使用方式等；<br />（2）我们在所有权结构、组织架构等方面发生重大变化。如业务调整、破产并购等引起的所有者变更等；<br />（3）个人信息共享、转让或公开披露的主要对象发生变化；<br />（4）您参与个人信息处理方面的权利及其行使方式发生重大变化；<br />（5）我们负责处理个人信息安全的责任部门、联络方式及投诉渠道发生变化时；<br />（6）个人信息安全影响评估报告表明存在高风险时。</p>\n<p align=\"left\">3、我们还会将本隐私政策的旧版本存档，供您查阅。</p>\n<p align=\"left\">八、如何联系我们</p>\n<p align=\"left\">1、如您对本隐私政策或您个人信息的相关事宜有任何问题、意见或建议，请通过以下方式与我们联系：<br />个人信息保护负责人邮箱privacy@dsshop.test<br />联系地址：dsshop总部<br />您还可以随时通过访问在线客服系统（https://help.dsshop.test）或拨打我们的任何一部客服电话等多种方式与我们联系。</p>\n<p align=\"left\">2、一般情况下，我们将在15天内回复。如果您对我们的回复不满意，特别是我们的个人信息处理行为损害了您的合法权益，您还可以向网信、电信、公安及工商等监管部门进行投诉或举报。</p>', '2020-10-30 12:17:04', '2020-12-07 17:31:26'),
(2, 2, '<p>dsshop用户注册协议</p>\n<p>版本生效日期：2020年12月07日</p>\n<p>一、服务条款的确认及接受</p>\n<p>1、dsshop网站（指dsshop.test及其移动客户端软件、应用程序，以下称&ldquo;本网站&rdquo;）各项电子服务的所有权和运作权归属于&ldquo;dsshop&rdquo;所有，本网站提供的服务将完全按照其发布的服务条款和操作规则严格执行。您确认所有服务条款并完成注册程序时，本协议在您与本网站间成立并发生法律效力，同时您成为本网站正式用户。</p>\n<p>2、根据国家法律法规变化及本网站运营需要，dsshop有权对本协议条款及相关规则不时地进行修改，修改后的内容一旦以任何形式公布在本网站上即生效，并取代此前相关内容，您应不时关注本网站公告、提示信息及协议、规则等相关内容的变动。您知悉并确认，如您不同意更新后的内容，应立即停止使用本网站；如您继续使用本网站，即视为知悉变动内容并同意接受。</p>\n<p>3、本协议内容中以加粗方式显著标识的条款，请您着重阅读。您点击&ldquo;同意&rdquo;按钮即视为您完全接受本协议，在点击之前请您再次确认已知悉并完全理解本协议的全部内容。</p>\n<p>二、服务须知</p>\n<p>1、本网站运用自身开发的操作系统通过国际互联网络为用户提供购买商品等服务。使用本网站，您必须：</p>\n<ul>\n<li>（1）自行配备上网的所需设备，包括个人手机、平板电脑、调制解调器、路由器等；</li>\n<li>（2）自行负担个人上网所支付的与此服务有关的电话费用、网络费用等；</li>\n<li>（3）选择与所安装终端设备相匹配的软件版本，包括但不限于iOS、Android、Windows等多个dsshop发布的应用版本。</li>\n</ul>\n<p>2、基于本网站所提供的网络服务的重要性，您确认并同意：</p>\n<ul>\n<li>（1）提供的注册资料真实、准确、完整、合法有效，注册资料如有变动的，应及时更新；</li>\n<li>（2）如果您提供的注册资料不合法、不真实、不准确、不详尽的，您需承担因此引起的相应责任及后果，并且dsshop保留终止您使用本网站各项服务的权利。</li>\n</ul>\n<p>三、订单</p>\n<p>1、使用本网站下订单，您应具备购买相关商品的权利能力和行为能力，如果您在18周岁以下，您需要在监护人的监护参与下才能注册并使用本网站。在下订单的同时，即视为您满足上述条件，并对您在订单中提供的所有信息的真实性负责。</p>\n<p>2、在您下订单时，请您仔细确认所购商品的名称、价格、数量、型号、规格、尺寸、联系地址、电话、收货人等信息。收货人与您本人不一致的，收货人的行为和意思表示视为您的行为和意思表示，您应对收货人的行为及意思表示的法律后果承担连带责任。</p>\n<p>3、您理解并同意：本网站上销售商展示的商品和价格等信息仅仅是要约邀请，您下单时须填写您希望购买的商品数量、价款及支付方式、收货人、联系方式、收货地址（合同履行地点）、合同履行方式等内容；系统生成的订单信息是计算机信息系统根据您填写的内容自动生成的数据，仅是您向销售商发出的合同要约；销售商收到您的订单信息后，只有在销售商将您在订单中订购的商品从仓库实际直接向您发出时（以商品出库为标志），方视为您与销售商之间就实际直接向您发出的商品建立了合同关系；如果您在一份订单里订购了多种商品并且销售商只给您发出了部分商品时，您与销售商之间仅就实际直接向您发出的商品建立了合同关系，只有在销售商实际直接向您发出了订单中订购的其他商品时，您和销售商之间就订单中其他已实际直接向您发出的商品才成立合同关系；对于电子书、数字音乐、在线手机充值等数字化商品，您下单并支付货款后合同即成立。当您作为消费者为生活消费需要下单并支付货款的情况下，您货款支付成功后即视为您与销售商之间就已支付货款部分的订单建立了合同关系。</p>\n<p>4、尽管销售商做出最大的努力，但由于市场变化及各种以合理商业努力难以控制因素的影响，本网站无法避免您提交的订单信息中的商品出现缺货、价格标示错误等情况；如您下单所购买的商品出现以上情况，您有权取消订单，销售商亦有权自行取消订单，若您已经付款，则为您办理退款。</p>\n<p>四、配送和交付</p>\n<p>1、您在本网站购买的商品将按照本网站上您所指定的送货地址进行配送。订单信息中列出的送货时间为参考时间，参考时间的计算是根据库存状况、正常的处理过程和送货时间、送货地点的基础上估计得出的。您应当清楚准确地填写您的送货地址、联系人及联系方式等配送信息，您知悉并确认，您所购买的商品应仅由您填写的联系人接受身份查验后接收商品，因您变更联系人或相关配送信息而造成的损失由您自行承担。</p>\n<p>2、因如下情况造成订单延迟或无法配送等，本网站将无法承担迟延配送或无法配送的责任：</p>\n<ul>\n<li>（1）客户提供错误信息和不详细的地址；</li>\n<li>（2）货物送达无人签收或拒收，由此造成的重复配送所产生的费用及相关的后果。</li>\n<li>（3）不可抗力，例如：自然灾害及恶劣天气、交通戒严等政府、司法机关的行为、决定或命令、意外交通事故、罢工、法规政策的修改、恐怖事件、抢劫、抢夺等暴力犯罪、突发战争等。</li>\n</ul>\n<p>3、您在本网站购买的商品由第三方配送公司（包括顺丰、圆通等，以下称&ldquo;配送公司&rdquo;）为您完成订单交付的，系统或单据记录的签收时间为交付时间；您购买的商品采用在线传输方式交付的，销售商向您指定系统发送的时间为交付时间；您购买服务的，生成的电子或者实物凭证中载明的时间为交付时间。</p>\n<p>五、用户个人信息保护及授权</p>\n<p>1、您知悉并同意，为方便您使用本网站相关服务，本网站将存储您在使用时的必要信息，包括但不限于您的真实姓名、性别、生日、配送地址、联系方式、通讯录、相册、日历、定位信息等。除法律法规规定的情形外，未经您的许可dsshop不会向第三方公开、透露您的个人信息。dsshop对相关信息采取专业加密存储与传输方式，利用合理措施保障用户个人信息的安全。</p>\n<p>2、您知悉并确认，您在注册帐号或使用本网站的过程中，需要提供真实的身份信息，dsshop将根据国家法律法规相关要求，进行基于移动电话号码的真实身份信息认证。若您提供的信息不真实、不完整，则无法使用本网站或在使用过程中受到限制，同时，由此产生的不利后果，由您自行承担。</p>\n<p>3、您在使用本网站某一特定服务时，该服务可能会另有单独的协议、相关业务规则等（以下统称为&ldquo;单独协议&rdquo;），您在使用该项服务前请阅读并同意相关的单独协议；您使用前述特定服务，即视为您已阅读并同意接受相关单独协议。</p>\n<p>4、您充分理解并同意：</p>\n<ul>\n<li>（1）接收通过邮件、短信、电话等形式，向在本网站注册、购物的用户、收货人发送的订单信息、促销活动等内容；</li>\n<li>（2）为配合行政监管机关、司法机关执行工作，在法律规定范围内dsshop有权向上述行政、司法机关提供您在使用本网站时所储存的相关信息，包括但不限于您的注册信息等，或使用相关信息进行证据保全，包括但不限于公证、见证等；</li>\n<li>（3）dsshop依法保障您在安装或使用过程中的知情权和选择权，在您使用本网站服务过程中，涉及您设备自带功能的服务会提前征得您同意，您一经确认，dsshop有权开启包括但不限于收集地理位置、读取通讯录、使用摄像头、启用录音等提供服务必要的辅助功能。</li>\n<li>（4）dsshop有权根据实际情况，在法律规定范围内自行决定单个用户在本网站及服务中数据的最长储存期限以及用户日志的储存期限，并在服务器上为其分配数据最大存储空间等。</li>\n</ul>\n<p>六、用户行为规范</p>\n<p>1、您同意严格遵守法律法规规章规定，依法遵守以下义务：</p>\n<ul>\n<li>（1）不得制作、传输或发表以下违法信息资料：反对宪法所确定的基本原则，煽动抗拒、破坏宪法和法律法规实施的；危害国家安全，泄露国家秘密，颠覆国家政权，破坏国家统一的，煽动推翻社会主义制度的；损害国家荣誉和利益的；歪曲、丑化、亵渎、否定英雄烈士事迹和精神，侵害英雄烈士的姓名、肖像、名誉、荣誉的；宣扬或煽动实施恐怖主义、极端主义及其活动的；煽动民族仇恨、民族歧视、破坏民族团结的言论；破坏国家宗教政策，宣扬邪教和封建迷信的；散布谣言，扰乱经济秩序和社会秩序的；散布淫秽、色情、暴力或者教唆犯罪的；侮辱或者诽谤他人，侵害他人名誉、隐私和其他合法权益的；法律、行政法规禁止的其他内容。</li>\n<li>（2）防范和抵制制作、复制、发布含有下列内容的不良信息资料：标题严重夸张，发表内容与标题严重不符的；不当评述自然灾害、重大事故等灾难的；煽动人群歧视、地域歧视等的；宣扬低俗、庸俗、媚俗内容的；违反社会公德行为的；侵犯未成年人合法权益的；其他对网络生态造成不良影响的内容。</li>\n</ul>\n<p>2、本协议依据国家相关法律法规规章制定，您亦同意严格遵守以下义务：</p>\n<ul>\n<li>（1）从中国大陆向境外传输资料信息时必须符合中国有关法规；</li>\n<li>（2）不得利用本网站从事洗钱、窃取商业秘密、窃取个人信息等违法犯罪活动；</li>\n<li>（3）不得干扰本网站的正常运转，不得侵入本网站及国家计算机信息系统；</li>\n<li>（4）不得传输或发表任何违法犯罪的、骚扰性的、中伤他人的、辱骂性的、恐吓性的、伤害性的、庸俗的、不文明的等信息资料；</li>\n<li>（5）不得教唆他人从事违法违规或本协议、平台规则所禁止的行为；</li>\n<li>（6）不得利用在本网站注册的账户进行牟利性经营活动；</li>\n<li>（7）不得发布任何侵犯他人个人信息、著作权、商标权等知识产权或合法权利的内容；</li>\n</ul>\n<p>3、您须对自己在网上的言论和行为承担法律责任，您若在本网站上散布和传播反动、色情或其它违反国家法律的信息，本网站的系统记录有可能作为您违反法律的证据。</p>\n<p>七、本网站使用规范</p>\n<p>1、关于移动客户端软件的获取与更新：</p>\n<ul>\n<li>（1）您可以直接从dsshop网站上获取dsshop移动客户端软件，也可以从得到dsshop授权的第三方获取，如果您从未经dsshop授权的第三方获取软件或与dsshop移动客户端软件名称相同的安装程序，dsshop无法保证该软件能够正常使用，并对因此给您造成的损失不予负责；</li>\n<li>（2）为了改善用户体验、完善服务内容，dsshop将不断努力开发新的服务，并为您不时提供软件更新，新版本发布后，旧版本的软件可能无法使用，dsshop不保证旧版本软件继续可用及相应的客户服务，请您随时核对并下载最新版本。</li>\n</ul>\n<p>2、除非法律允许或dsshop书面许可，您使用本网站过程中不得从事下列行为：</p>\n<ul>\n<li>（1）删除本网站及其副本上关于著作权的信息；</li>\n<li>（2）对本网站进行反向工程、反向汇编、反向编译，或者以其他方式尝试发现本网站的源代码；</li>\n<li>（3）对dsshop拥有知识产权的内容进行使用、出租、出借、复制、修改、链接、转载、汇编、发表、出版、建立镜像站点等；</li>\n<li>（4）对本网站或者本网站运行过程中释放到任何终端内存中的数据、网站运行过程中客户端与服务器端的交互数据，以及本网站运行所必需的系统数据，进行复制、修改、增加、删除、挂接运行或创作任何衍生作品，形式包括但不限于使用插件、外挂或非经dsshop授权的第三方工具/服务接入本网站和相关系统；</li>\n<li>（5）通过修改或伪造网站运行中的指令、数据，增加、删减、变动网站的功能或运行效果，或者将用于上述用途的软件、方法进行运营或向公众传播，无论这些行为是否为商业目的；</li>\n<li>（6）通过非dsshop开发、授权的第三方软件、插件、外挂、系统，登录或使用本网站及服务，或制作、发布、传播上述工具；</li>\n<li>（7）自行或者授权他人、第三方软件对本网站及其组件、模块、数据进行干扰。</li>\n</ul>\n<p>八、违约责任</p>\n<p>1、如果dsshop发现或收到他人举报投诉您违反本协议约定或存在任何恶意行为的，dsshop有权不经通知随时对相关内容进行删除、屏蔽，并视行为情节对违规帐号处以包括但不限于警告、限制或禁止使用部分或全部功能、帐号封禁、注销等处罚，并公告处理结果。</p>\n<p>2、dsshop有权依据合理判断对违反有关法律法规或本协议规定的行为采取适当的法律行动，并依据法律法规保存有关信息向有关部门报告等，您应独自承担由此而产生的一切法律责任。</p>\n<p>3、您理解并同意，因您违反本协议或相关服务条款的规定，导致或产生第三方主张的任何索赔、要求或损失，您应当独立承担责任；dsshop因此遭受损失的，您也应当一并赔偿。</p>\n<p>4、除非另有明确的书面说明,dsshop不对本网站的运营及其包含在本网站上的信息、内容、材料、产品（包括软件）或服务作任何形式的、明示或默示的声明或担保（根据中华人民共和国法律另有规定的以外）。</p>\n<p>九、所有权及知识产权</p>\n<p>1、您一旦接受本协议，对于您提供、上传、创作、发布在本网站的文字、评论、图片、照片、视频、音频等任何形式的信息内容（包括但不限于客户评价、客户咨询、各类话题文章等），您免费授予dsshop及其关联公司至保护期终止为止、不可撤销的、全球范围的、排他的许可使用著作权（包括并不限于：复制权、发行权、出租权、展览权、表演权、放映权、广播权、信息网络传播权、摄制权、改编权、翻译权、汇编权以及应当由著作权人享有的其他可许可使用的权利）、肖像权、用户ID名称等相关的全部合法权利权益，就dsshop具有诉讼主体资格的权利、权益，dsshop有权以自身名义对第三方侵权行为取证及提起诉讼。您同意dsshop及其关联公司有权存储、使用、复制、修订、编辑、发布、展示、翻译、分发、推广、出版、发行、信息网络传播您以上信息内容，有权改编制作派生作品，并以已知或日后开发的形式、媒体或技术将上述信息纳入其它作品内。</p>\n<p>2、dsshop有权再许可给其他第三方第九条第一款的所有权利。</p>\n<p>3、您应确保在dsshop网站上发表的第九条第一款各类信息内容均不涉及侵犯第三方肖像、隐私、知识产权或其他合法权益。否则dsshop有权随时采取包括但不限于删除、断开链接等措施。</p>\n<p>4、本协议已经构成《中华人民共和国著作权法》第二十四条（条文序号依照2010年修订版《著作权法》确定）及相关法律规定的著作财产权等权利许可使用的书面协议，其效力及于您在本网站上发布的任何受著作权法保护的作品内容，无论该等内容形成于本协议订立前还是本协议订立后。</p>\n<p>5、您同意并已充分了解本协议的条款，承诺不将已发表于本网站的信息，以任何形式发布或授权其它主体以任何方式使用（包括但不限于在各类网站、媒体上使用）。</p>\n<p>6、除法律另有强制性规定外，未经dsshop明确的特别书面同意,任何单位或个人不得以任何方式非法地全部或部分复制、转载、引用、链接、抓取或以其他方式使用本网站的信息内容，否则，dsshop有权追究其法律责任。</p>\n<p>7、本网站所刊登的资料信息（诸如文字、图表、标识、按钮图标、图像、声音文件片段、数字下载、数据编辑和软件），均是dsshop或其内容提供者的财产，受中国和国际版权法的保护。本网站上所有内容的汇编是dsshop的排他财产，受中国和国际版权法的保护。本网站上所有软件都是dsshop或其关联公司或其软件供应商的财产，受中国和国际版权法的保护。</p>\n<p>十、法律管辖适用及其他</p>\n<p>1、本协议的订立、执行和解释及争议的解决均应适用中国法律。如双方就本协议内容或其执行发生任何争议，双方应尽力友好协商解决；协商不成时，应向协议签订地有管辖权的人民法院提起诉讼。本协议签订地为中华人民共和国北京市大兴区。</p>\n<p>2、如果本协议中任何一条被视为废止、无效或因任何理由不可执行，该条应视为可分的且并不影响任何其余条款的有效性和可执行性。</p>\n<p>3、本协议未明示授权的其他权利仍由dsshop保留，您在行使这些权利时须另外取得dsshop的书面许可。dsshop如果未行使前述任何权利，并不构成对该权利的放弃。</p>\n<p><br /><br /></p>', '2020-10-30 12:35:04', '2020-12-07 17:31:17'),
(3, 3, '<p>亲爱的dsshop个人消费者用户：</p>\n<p>您在申请注销流程中点击同意前，应当认真阅读《dsshop账户注销须知》（以下称&ldquo;《注销须知》&rdquo;）。</p>\n<p>请您务必审慎阅读、充分理解《注销须知》中相关条款内容，其中包括：</p>\n<p>1、与您约定免除或限制责任的条款；</p>\n<p>2、其他以粗体标识的重要条款。</p>\n<p>如您对本《注销须知》有任何疑问，可拨打我们的客服电话联系客服，您也可联系在线客服或通过https://help.dsshop.test自助查询。</p>\n<p>【特别提示】当您按照注销页面提示填写信息、阅读并同意本《注销须知》及相关条款与条件且完成全部注销程序后，即表示您已充分阅读、理解并接受本《注销须知》的全部内容。阅读本《注销须知》的过程中，如果您不同意相关任何条款和条件约定，请您立即停止账户注销程序。</p>\n<p>我们在此善意地提醒您，您注销账户的行为会给您的售后维权带来诸多不便，且注销dsshop账户后，您的个人信息我们只会在dsshop商城的前台系统中去除，使其保持不可被检索、访问的状态，或对其进行匿名化处理。您知晓并理解，根据相关法律规定，相关交易记录须在dsshop后台保存5年甚至更长的时间。</p>\n<p>1、如果您仍执意注销账户，您的账户需同时满足以下条件：</p>\n<p>（1）在最近一个月内，账户没有进行更改密码、更改绑定信息等敏感操作；</p>\n<p>（2）自愿放弃账户在dsshop商城系统中的资产和虚拟权益（包括但不限于账户余额、优惠券等），并确保账户中无拍卖保证金、无欠款；</p>\n<p>（3）账户内无未完成的订单和服务；</p>\n<p>（4）在dsshop商城没有过使用该账户激活店铺的记录；</p>\n<p>（5）账户无任何纠纷，包括投诉举报或被投诉举报；</p>\n<p>（6）账户对应的dsshop支付账户已注销，且已妥善处理了dsshop支付账户下的所有问题；</p>\n<p>（7）账户已经解除与其他网站、其他APP的授权登录或绑定关系。</p>\n<p>2、dsshop账户一旦被注销将不可恢复，请您在操作之前自行备份dsshop账户相关的所有信息和数据。请您保存好订单商品和服务的交易凭证、票据等资料，否则您有可能须支付额外的账户和订单查询费用，或无法享受售后服务。</p>\n<p>3、如果您的dsshop账户同时是dsshop平台商家店铺的绑定账户名，您需先解除相关绑定；</p>\n<p>4、在dsshop账户注销期间，如果您的dsshop账户涉及争议纠纷，包括但不限于投诉、举报、诉讼、仲裁、国家有权机关调查等，dsshop有权自行终止本dsshop账户的注销而无需另行得到您的同意。</p>\n<p>5、注销dsshop账户，您将无法再使用本dsshop账户，也将无法找回您dsshop账户中及与账户相关的任何内容或信息，包括但不限于：</p>\n<p>（1）您将无法登录、使用本dsshop账户；</p>\n<p>（2）本dsshop账户的个人资料和历史信息（包括但不限于用户名、头像、购物记录、关注信息等）都将无法找回；</p>\n<p>（3）您通过dsshop账户使用、授权登录或绑定dsshop账户后使用的dsshop相关或第三方的其他服务的所有记录将无法找回。您将无法再登录、使用前述服务，您曾获得的余额、优惠券、积分、资格、订单及其他卡券等视为您自行放弃，将无法继续使用。您理解并同意，dsshop无法协助您重新恢复前述服务。请您在提交注销申请前，务必先了解您须解绑的其他相关账户信息，具体可与我们的客服联系。</p>\n<p>6、注销本dsshop账户并不代表本dsshop账户注销前的账户行为和相关责任得到豁免或减轻。</p>\n<p>&nbsp;</p>', '2020-12-07 16:46:31', '2020-12-07 16:46:31'),
(4, 4, '<p>2222<img src=\"http://dsshop.test/storage/image/article/zyYUW1612419292.png\" /></p>', '2021-02-04 14:14:57', '2021-02-04 14:14:57');
INSERT INTO `auth_groups` (`id`, `roles`, `introduction`, `created_at`, `updated_at`) VALUES
(1, 'admin', '超级管理员', '2019-03-24 08:00:00', '2019-05-25 05:42:07'),
(2, 'edits', '编辑人员', '2019-04-17 18:23:12', '2019-04-17 18:23:12');
INSERT INTO `auth_group_auth_rules` (`auth_group_id`, `auth_rule_id`) VALUES
(5, 23),
(2, 29),
(2, 116),
(2, 117),
(2, 90),
(2, 91),
(2, 95),
(2, 96),
(2, 105),
(2, 106),
(2, 110),
(2, 111),
(2, 121),
(2, 122),
(2, 129),
(2, 127),
(2, 128),
(2, 133),
(2, 2),
(2, 6),
(2, 187),
(2, 10),
(2, 189),
(2, 15),
(2, 190),
(2, 19),
(2, 191),
(2, 23),
(2, 142),
(2, 143),
(2, 156),
(2, 157),
(2, 149),
(2, 150),
(2, 151),
(2, 152),
(1, 2),
(1, 10),
(1, 154),
(1, 155),
(1, 189),
(1, 15),
(1, 16),
(1, 17),
(1, 18),
(1, 190),
(1, 19),
(1, 20),
(1, 21),
(1, 22),
(1, 191),
(1, 6),
(1, 7),
(1, 8),
(1, 9),
(1, 187),
(1, 29),
(1, 90),
(1, 91),
(1, 92),
(1, 93),
(1, 94),
(1, 95),
(1, 96),
(1, 97),
(1, 98),
(1, 99),
(1, 105),
(1, 106),
(1, 107),
(1, 108),
(1, 109),
(1, 110),
(1, 111),
(1, 112),
(1, 113),
(1, 114),
(1, 116),
(1, 117),
(1, 118),
(1, 119),
(1, 120),
(1, 195),
(1, 121),
(1, 122),
(1, 123),
(1, 124),
(1, 125),
(1, 129),
(1, 130),
(1, 131),
(1, 132),
(1, 149),
(1, 150),
(1, 151),
(1, 152),
(1, 156),
(1, 157),
(1, 159),
(1, 192),
(1, 193),
(1, 127),
(1, 126),
(1, 128),
(1, 133),
(1, 148),
(1, 196),
(1, 23),
(1, 60),
(1, 61),
(1, 62),
(1, 63),
(1, 197),
(1, 142),
(1, 143),
(1, 144),
(1, 145),
(1, 147),
(1, 100),
(1, 101),
(1, 104),
(1, 160),
(1, 161),
(1, 162),
(1, 163),
(1, 164),
(1, 165),
(1, 166),
(1, 167),
(1, 168),
(1, 169),
(1, 181),
(1, 182),
(1, 183),
(1, 184),
(1, 185),
(1, 170),
(1, 171),
(1, 172),
(1, 173),
(1, 174),
(1, 175),
(1, 176),
(1, 177),
(1, 178),
(1, 179),
(1, 180);
INSERT INTO `auth_rules` (`id`, `api`, `url`, `icon`, `title`, `pid`, `state`, `sort`) VALUES
(2, 'UserManagement', '', 'user', '用户管理', 0, 1, 1),
(6, 'Admin', '', '', '管理员管理', 2, 1, 0),
(7, 'AdminCreate', NULL, '', '创建管理员', 6, 0, 0),
(8, 'AdminEdit', NULL, '', '保存管理员', 6, 0, 0),
(9, 'AdminDestroy', NULL, '', '删除管理员', 6, 0, 0),
(10, 'Member', '', '', '会员管理', 2, 1, 1),
(15, 'Manage', '', '', '管理组管理', 2, 1, 2),
(16, 'ManageCreate', NULL, '', '创建管理组', 15, 0, 0),
(17, 'ManageEdit', NULL, '', '保存管理组', 15, 0, 0),
(18, 'ManageDestroy', NULL, '', '删除管理组', 15, 0, 0),
(19, 'Power', '', '', '权限管理', 2, 1, 3),
(20, 'PowerCreate', NULL, '', '创建权限', 19, 0, 0),
(21, 'PowerEdit', NULL, '', '保存权限', 19, 0, 0),
(22, 'PowerDestroy', NULL, '', '删除权限', 19, 0, 0),
(23, 'ToolManagement', '', 'tool', '工具', 0, 1, 1),
(29, 'CommodityManagement', '', 'goods', '商品管理', 0, 1, 0),
(60, 'RedisService', '', '', 'Redis管理', 23, 1, 0),
(61, 'RedisServiceList', '', '', 'Redis列表', 60, 1, 0),
(62, 'RedisServiceDestroy', '', '', '删除Redis', 60, 0, 0),
(63, 'RedisPanel', '', '', 'Redis面板', 60, 1, 0),
(90, 'Brand', '', '', '品牌', 29, 1, 1),
(91, 'BrandList', '', '', '品牌列表', 90, 1, 0),
(92, 'BrandCreate', '', '', '创建品牌', 90, 0, 0),
(93, 'BrandEdit', '', '', '保存品牌', 90, 0, 0),
(94, 'BrandDestroy', '', '', '删除品牌', 90, 0, 0),
(95, 'Category', '', '', '分类', 29, 1, 1),
(96, 'CategoryList', '', '', '分类列表', 95, 1, 0),
(97, 'CategoryCreate', '', '', '创建分类', 95, 0, 0),
(98, 'CategoryEdit', '', '', '保存分类', 95, 0, 0),
(99, 'CategoryDestroy', '', '', '删除分类', 95, 0, 0),
(100, 'Resource', '', '', '资源', 23, 1, 0),
(101, 'ResourceList', '', '', '资源列表', 100, 1, 0),
(104, 'ResourceDestroy', '', '', '删除资源', 100, 0, 0),
(105, 'Specification', '', '', '规格', 29, 1, 1),
(106, 'SpecificationList', '', '', '规格列表', 105, 1, 0),
(107, 'SpecificationCreate', '', '', '创建规格', 105, 0, 0),
(108, 'SpecificationEdit', '', '', '保存规格', 105, 0, 0),
(109, 'SpecificationDestroy', '', '', '删除规格', 105, 0, 0),
(110, 'SpecificationGroup', '', '', '规格组', 29, 1, 1),
(111, 'SpecificationGroupList', '', '', '规格组列表', 110, 1, 0),
(112, 'SpecificationGroupCreate', '', '', '创建规格组', 110, 0, 0),
(113, 'SpecificationGroupEdit', '', '', '保存规格组', 110, 0, 0),
(114, 'SpecificationGroupDestroy', '', '', '删除规格组', 110, 0, 0),
(116, 'Good', '', '', '商品', 29, 1, 0),
(117, 'GoodList', '', '', '商品列表', 116, 1, 0),
(118, 'GoodCreate', '', '', '创建商品', 116, 0, 0),
(119, 'GoodEdit', '', '', '保存商品', 116, 0, 0),
(120, 'GoodDestroy', '', '', '删除商品', 116, 0, 0),
(121, 'LogisticManagement', '', 'logistics', '物流管理', 0, 1, 0),
(122, 'FreightList', '', '', '运费模板', 121, 1, 0),
(123, 'FreightCreate', '', '', '创建运费模板', 121, 0, 0),
(124, 'FreightEdit', '', '', '保存运费模板', 121, 0, 0),
(125, 'FreightDestroy', '', '', '删除运费模板', 121, 0, 0),
(126, 'IndentShipment', '', '', '发货', 127, 0, 0),
(127, 'IndentManagement', '', 'Indent', '订单管理', 0, 1, 0),
(128, 'IndentList', '', '', '订单列表', 127, 1, 0),
(129, 'DhlList', '', '', '快递公司', 121, 1, 0),
(130, 'DhlCreate', '', '', '创建快递公司', 121, 0, 0),
(131, 'DhlEdit', '', '', '保存快递公司', 121, 0, 0),
(132, 'DhlDestroy', '', '', '删除快递公司', 121, 0, 0),
(133, 'IndentDetail', '', '', '订单详情', 127, 0, 0),
(142, 'Banner', '', '', '轮播管理', 23, 1, 0),
(143, 'BannerList', '', '', '轮播列表', 142, 1, 0),
(144, 'BannerCreate', '', '', '创建轮播', 142, 0, 0),
(145, 'BannerEdit', '', '', '保存轮播', 142, 0, 0),
(147, 'BannerDestroy', '', '', '删除轮播', 142, 0, 0),
(148, 'IndentRefund', '', '', '退款', 127, 0, 0),
(149, 'Statistics', '', 'statistics', '统计', 0, 1, 0),
(150, 'StatisticsVisit', '', '', '使用分析', 149, 1, 0),
(151, 'StatisticsPay', '', '', '交易分析', 149, 1, 0),
(152, 'StatisticsAgeAndSex', '', '', '用户画像', 149, 1, 0),
(154, 'MemberCreate', '', '', '创建用户', 10, 0, 0),
(155, 'MemberEdit', '', '', '保存用户', 10, 0, 0),
(156, 'PlugIn', '', 'plug-in', '插件', 0, 1, 1),
(157, 'PlugInList', '', '', '插件列表', 156, 1, 0),
(159, 'PlugInCreate', '', '', '插件安装', 156, 0, 0),
(160, 'Coupon', '', '', '优惠券', 23, 1, 0),
(161, 'CouponList', '', '', '优惠券列表', 160, 1, 0),
(162, 'CouponCreate', '', '', '创建优惠券', 160, 0, 0),
(163, 'CouponEdit', '', '', '优惠券操作', 160, 0, 0),
(164, 'CouponDestroy', '', '', '删除优惠券', 160, 0, 0),
(165, 'Comment', '', '', '评价', 23, 1, 0),
(166, 'CommentList', '', '', '评价列表', 165, 1, 0),
(167, 'CommentCreate', '', '', '评价回复', 165, 0, 0),
(168, 'CommentEdit', '', '', '评价操作', 165, 0, 0),
(169, 'CommentDestroy', '', '', '删除评价', 165, 0, 0),
(170, 'ArticleManage', '', 'article', '文章管理', 0, 1, 0),
(171, 'Column', '', '', '栏目', 170, 1, 0),
(172, 'ColumnList', '', '', '栏目列表', 171, 1, 0),
(173, 'ColumnCreate', '', '', '创建栏目', 171, 0, 0),
(174, 'ColumnEdit', '', '', '保存栏目', 171, 0, 0),
(175, 'ColumnDestroy', '', '', '删除栏目', 171, 0, 0),
(176, 'Article', '', '', '文章', 170, 1, 0),
(177, 'ArticleList', '', '', '文章列表', 176, 1, 0),
(178, 'ArticleCreate', '', '', '创建文章', 176, 0, 0),
(179, 'ArticleEdit', '', '', '保存文章', 176, 0, 0),
(180, 'ArticleDestroy', '', '', '删除文章', 176, 0, 0),
(181, 'Distribution', '', '', '分销', 23, 1, 0),
(182, 'DistributionList', '', '', '分销列表', 181, 1, 0),
(183, 'DistributionCreate', '', '', '创建分销', 181, 0, 0),
(184, 'DistributionEdit', '', '', '保存分销', 181, 0, 0),
(185, 'DistributionDestroy', '', '', '删除分销', 181, 0, 0),
(187, 'AdminList', '', '', '管理员列表', 6, 1, 0),
(189, 'MemberList', '', '', '会员列表', 10, 1, 0),
(190, 'ManageList', '', '', '管理组列表', 15, 1, 0),
(191, 'PowerList', '', '', '权限列表', 19, 1, 0),
(192, 'PlugInDestroy', '', '', '插件卸载', 156, 0, 0),
(193, 'PlugInEdit', '', '', '插件更新', 156, 0, 0),
(195, 'GoodDetail', '', '', '商品详情', 116, 0, 0),
(196, 'IndentDhl', '', '', '保存订单配送信息', 127, 0, 0),
(197, 'RedisServiceDetail', '', '', 'Redis详情', 60, 0, 0);
INSERT INTO `banners` (`id`, `type`, `name`, `url`, `sort`, `state`, `created_at`, `updated_at`) VALUES
(4, 0, '测试', '/pages/product/product?id=21', 5, 0, '2020-07-18 20:07:15', '2020-07-30 11:49:17'),
(5, 0, '2', NULL, 5, 0, '2020-07-18 20:10:04', '2020-07-18 20:10:04'),
(6, 0, '3', NULL, 5, 0, '2020-07-18 20:10:13', '2020-07-18 20:10:13'),
(7, 1, '5', '/pages/product/product?id=21', 5, 0, '2020-07-18 20:12:08', '2020-07-30 11:49:27');
INSERT INTO `brands` (`id`, `name`, `sort`, `deleted_at`, `created_at`, `updated_at`) VALUES
(1, '吉普盾', 5, NULL, '2020-04-24 09:34:07', '2020-07-13 16:24:50'),
(2, 'PEACEBIRD/太平鸟', 5, NULL, '2020-04-24 09:35:01', '2020-07-13 16:26:08'),
(3, 'THE NORTH FACE/北面', 5, NULL, '2020-07-13 16:26:24', '2020-07-13 16:26:24'),
(4, '七匹狼', 5, NULL, '2020-07-13 16:26:34', '2020-07-13 16:26:34'),
(5, '花花公子', 5, NULL, '2020-07-13 16:26:44', '2020-07-13 16:26:44'),
(6, 'BARBOUR', 5, NULL, '2020-07-13 16:27:07', '2020-07-13 16:27:07'),
(7, 'one more', 5, NULL, '2020-07-13 16:28:29', '2020-07-13 16:28:29'),
(8, '测试2', 5, NULL, '2021-01-31 13:24:16', '2021-01-31 13:29:30');
INSERT INTO `categorys` (`id`, `name`, `pid`, `sort`, `state`, `is_recommend`, `deleted_at`, `created_at`, `updated_at`) VALUES
(1, '男装', 0, 5, 0, 0, NULL, '2020-04-24 09:42:53', '2020-07-13 14:34:35'),
(2, '外套', 1, 5, 0, 0, NULL, '2020-04-24 10:04:09', '2021-01-13 20:26:23'),
(3, '内搭', 1, 5, 0, 0, NULL, '2020-04-24 10:28:07', '2020-07-13 14:35:27'),
(4, '针织衫/毛衣', 1, 5, 0, 0, NULL, '2020-04-24 10:28:18', '2020-07-13 14:35:40'),
(5, '休闲裤/西裤', 1, 5, 0, 0, NULL, '2020-04-24 10:29:12', '2020-07-13 14:35:52'),
(6, '牛仔裤', 1, 5, 0, 0, NULL, '2020-04-24 10:29:28', '2020-07-13 14:36:07'),
(7, '换季清仓', 1, 5, 0, 0, NULL, '2020-04-24 10:29:37', '2020-07-13 14:36:23'),
(11, '夹克', 2, 5, 0, 0, NULL, '2020-07-13 14:36:53', '2021-01-13 20:05:09'),
(12, '风衣', 2, 5, 0, 1, NULL, '2020-07-13 14:37:12', '2021-01-13 20:05:21'),
(13, '呢大衣', 2, 5, 0, 0, NULL, '2020-07-13 14:37:37', '2021-01-13 20:05:29'),
(14, '西装', 2, 5, 0, 1, NULL, '2020-07-13 14:37:56', '2020-07-13 14:37:56'),
(15, '机能夹克', 2, 5, 0, 1, NULL, '2020-07-13 14:38:12', '2020-07-13 14:38:12'),
(16, '教练夹克', 2, 5, 0, 1, NULL, '2020-07-13 14:38:29', '2020-07-13 14:38:29'),
(17, '皮衣', 2, 5, 0, 1, NULL, '2020-07-13 14:38:52', '2020-07-13 14:38:52'),
(18, '卫衣', 3, 5, 0, 0, NULL, '2020-07-13 14:39:14', '2020-07-13 14:39:14'),
(19, '衬衫', 3, 5, 0, 0, NULL, '2020-07-13 14:39:27', '2020-07-13 14:39:27'),
(20, 'T恤', 3, 5, 0, 0, NULL, '2020-07-13 14:39:45', '2020-07-13 14:39:45'),
(21, 'polo衫', 3, 5, 0, 0, NULL, '2020-07-13 14:39:59', '2020-07-13 14:39:59'),
(22, '长袖衬衫', 3, 5, 0, 0, NULL, '2020-07-13 14:40:13', '2020-07-13 14:40:13'),
(23, '条纹衬衫', 3, 5, 0, 0, NULL, '2020-07-13 14:40:29', '2020-07-13 14:40:29'),
(24, '毛衣', 4, 5, 0, 0, NULL, '2020-07-13 14:40:49', '2020-07-13 14:40:49'),
(25, '针织衫', 4, 5, 0, 0, NULL, '2020-07-13 14:41:03', '2020-07-13 14:41:03'),
(26, '套头', 4, 5, 0, 0, NULL, '2020-07-13 14:41:18', '2020-07-13 14:41:18'),
(27, '开衫', 4, 5, 0, 0, NULL, '2020-07-13 14:41:31', '2020-07-13 14:41:31'),
(28, '羊毛衫', 4, 5, 0, 0, NULL, '2020-07-13 14:41:43', '2020-07-13 14:41:43'),
(29, '羊绒衫', 4, 5, 0, 0, NULL, '2020-07-13 14:42:00', '2020-07-13 14:42:00'),
(30, '休闲裤', 5, 5, 0, 0, NULL, '2020-07-13 14:42:21', '2020-07-13 14:42:21'),
(31, '短裤', 5, 5, 0, 0, NULL, '2020-07-13 14:42:38', '2020-07-13 14:42:38'),
(32, '运动裤', 5, 5, 0, 0, NULL, '2020-07-13 14:42:51', '2020-07-13 14:42:51'),
(33, '阔腿裤', 5, 5, 0, 0, NULL, '2020-07-13 14:43:05', '2020-07-13 14:43:05'),
(34, '西裤', 5, 5, 0, 0, NULL, '2020-07-13 14:43:18', '2020-07-13 14:43:18'),
(35, '宽松', 5, 5, 0, 0, NULL, '2020-07-13 14:43:31', '2020-07-13 14:43:31'),
(36, '九分', 5, 5, 0, 0, NULL, '2020-07-13 14:43:43', '2020-07-13 14:43:43'),
(37, '七分', 5, 5, 0, 0, NULL, '2020-07-13 14:44:03', '2020-07-13 14:44:03'),
(38, '工装', 5, 5, 0, 0, NULL, '2020-07-13 14:44:19', '2020-07-13 14:44:19'),
(39, '破洞', 6, 5, 0, 0, NULL, '2020-07-13 14:44:32', '2020-07-13 14:44:32'),
(40, '宽松', 6, 5, 0, 0, NULL, '2020-07-13 14:44:47', '2020-07-13 14:44:47'),
(41, '九分', 6, 5, 0, 0, NULL, '2020-07-13 14:45:01', '2020-07-13 14:45:01'),
(42, '直筒', 6, 5, 0, 0, NULL, '2020-07-13 14:45:14', '2020-07-13 14:45:14'),
(43, '修身', 6, 5, 0, 0, NULL, '2020-07-13 14:45:27', '2020-07-13 14:45:27'),
(44, '弹力', 6, 5, 0, 0, NULL, '2020-07-13 14:45:48', '2020-07-13 14:45:48'),
(45, '棉衣', 7, 5, 0, 0, NULL, '2020-07-13 14:46:02', '2020-07-13 14:46:02'),
(46, '羽绒服', 7, 5, 0, 0, NULL, '2020-07-13 14:46:14', '2020-07-13 14:46:14'),
(47, '马甲', 7, 5, 0, 0, NULL, '2020-07-13 14:46:26', '2020-07-13 14:46:26'),
(48, '高领毛衣', 7, 5, 0, 0, NULL, '2020-07-13 14:46:40', '2020-07-13 14:46:40'),
(49, '女装', 0, 5, 0, 0, NULL, '2020-07-13 15:30:38', '2020-07-13 15:53:03'),
(50, '连衣裙', 49, 5, 0, 0, NULL, '2020-07-13 15:32:44', '2020-07-13 15:32:44'),
(51, '毛衫/内搭', 49, 5, 0, 0, NULL, '2020-07-13 15:33:57', '2020-07-13 15:33:57'),
(52, '裤装', 49, 5, 0, 0, NULL, '2020-07-13 15:34:15', '2020-07-13 15:34:15'),
(53, '半身裙', 50, 5, 0, 0, NULL, '2020-07-13 15:35:35', '2020-07-13 15:35:35'),
(54, '针织裙', 50, 5, 0, 0, NULL, '2020-07-13 15:37:01', '2020-07-13 15:37:01'),
(55, '丝绒裙', 50, 5, 0, 0, NULL, '2020-07-13 15:37:21', '2020-07-13 15:37:21'),
(56, '毛衣', 51, 5, 0, 0, NULL, '2020-07-13 15:37:37', '2020-07-13 15:37:37'),
(57, '宽松毛衣', 51, 5, 0, 0, NULL, '2020-07-13 15:37:56', '2020-07-13 15:37:56'),
(58, '开衫', 51, 5, 0, 0, NULL, '2020-07-13 15:38:20', '2020-07-13 15:38:20'),
(59, '打底衫', 51, 5, 0, 0, NULL, '2020-07-13 15:38:33', '2020-07-13 15:38:33'),
(60, '长袖T恤', 51, 5, 0, 0, NULL, '2020-07-13 15:38:48', '2020-07-13 15:38:48'),
(61, '休闲裤', 52, 5, 0, 0, NULL, '2020-07-13 15:39:06', '2020-07-13 15:39:06'),
(62, '打底裤', 52, 5, 0, 0, NULL, '2020-07-13 15:39:18', '2020-07-13 15:40:26'),
(63, '牛仔裤', 52, 5, 0, 0, NULL, '2020-07-13 15:39:38', '2020-07-13 15:39:38'),
(64, '破洞牛仔', 52, 5, 0, 0, NULL, '2020-07-13 15:39:53', '2020-07-13 15:39:53'),
(65, '打底裙', 50, 5, 0, 0, NULL, '2020-07-13 15:43:15', '2020-07-13 15:43:15'),
(66, '复古裙', 50, 5, 0, 0, NULL, '2020-07-13 15:43:58', '2020-07-13 15:43:58'),
(67, '修身裙', 50, 5, 0, 0, NULL, '2020-07-13 15:44:35', '2020-07-13 15:44:35'),
(68, '女鞋', 0, 5, 0, 0, NULL, '2020-07-13 15:52:29', '2020-07-13 16:16:39'),
(69, '单鞋', 68, 5, 0, 0, NULL, '2020-07-13 15:53:35', '2020-07-13 15:53:35'),
(70, '帆布鞋', 68, 5, 0, 0, NULL, '2020-07-13 15:53:48', '2020-07-13 15:53:48'),
(71, '凉鞋/拖鞋', 68, 5, 0, 0, NULL, '2020-07-13 15:54:01', '2020-07-13 15:54:01'),
(72, '靴子', 68, 5, 0, 0, NULL, '2020-07-13 15:54:20', '2020-07-13 15:54:20'),
(73, '高跟', 69, 5, 0, 0, NULL, '2020-07-13 15:54:42', '2020-07-13 15:54:42'),
(75, '厚底', 69, 5, 0, 0, NULL, '2020-07-13 15:55:14', '2020-07-13 15:55:14'),
(76, '中跟', 69, 5, 0, 0, NULL, '2020-07-13 15:55:39', '2020-07-13 15:55:39'),
(77, '粗跟', 69, 5, 0, 0, NULL, '2020-07-13 15:55:53', '2020-07-13 15:55:53'),
(78, '坡跟', 69, 5, 0, 0, NULL, '2020-07-13 15:56:05', '2020-07-13 15:56:05'),
(81, '高帮', 70, 5, 0, 0, NULL, '2020-07-13 15:56:59', '2020-07-13 15:56:59'),
(82, '低帮', 70, 5, 0, 0, NULL, '2020-07-13 15:57:12', '2020-07-13 15:57:12'),
(83, '鱼嘴', 71, 5, 0, 0, NULL, '2020-07-13 15:57:24', '2020-07-13 15:57:24'),
(84, '粗根', 71, 5, 0, 0, NULL, '2020-07-13 15:57:35', '2020-07-13 16:05:38'),
(85, '夹趾', 71, 5, 0, 0, NULL, '2020-07-13 15:57:55', '2020-07-13 15:57:55'),
(86, '裸靴', 72, 5, 0, 0, NULL, '2020-07-13 15:58:11', '2020-07-13 15:58:11'),
(87, '短靴', 72, 5, 0, 0, NULL, '2020-07-13 15:58:22', '2020-07-13 15:58:22'),
(88, '中筒', 72, 5, 0, 0, NULL, '2020-07-13 15:58:34', '2020-07-13 16:10:23'),
(89, '雪地靴', 72, 5, 0, 0, NULL, '2020-07-13 15:58:47', '2020-07-13 15:58:47'),
(90, '测试', 0, 5, 0, 0, NULL, '2021-01-31 14:38:23', '2021-01-31 16:50:26');
INSERT INTO `category_brands` (`id`, `category_id`, `brand_id`) VALUES
(3, 2, 1),
(4, 2, 2),
(12, 11, 1),
(13, 11, 2),
(14, 11, 3),
(15, 11, 4),
(16, 11, 5),
(17, 11, 6),
(18, 11, 7),
(19, 20, 1),
(20, 20, 2),
(21, 20, 3),
(22, 20, 4),
(23, 20, 5),
(24, 20, 6),
(25, 20, 7);
INSERT INTO `category_specifications` (`id`, `specification_id`, `category_id`) VALUES
(22, 1, 2),
(23, 2, 2),
(24, 3, 2),
(25, 4, 2),
(26, 5, 2),
(34, 1, 11),
(35, 2, 11),
(36, 3, 11),
(37, 4, 11),
(38, 5, 11),
(39, 1, 20),
(40, 2, 20),
(41, 3, 20),
(42, 4, 20),
(43, 5, 20);
INSERT INTO `collects` (`id`, `user_id`, `good_id`, `created_at`, `updated_at`) VALUES
(1, 241, 20, '2020-08-28 02:03:54', '2020-08-28 02:03:54'),
(2, 346, 21, '2020-09-05 12:49:09', '2020-09-05 12:49:09'),
(5, 433, 14, '2020-09-16 11:39:10', '2020-09-16 11:39:10'),
(6, 434, 13, '2020-09-16 12:23:46', '2020-09-16 12:23:46'),
(7, 375, 12, '2020-09-21 03:42:18', '2020-09-21 03:42:18'),
(8, 400, 21, '2020-09-22 08:17:18', '2020-09-22 08:17:18'),
(11, 624, 13, '2020-10-04 00:38:18', '2020-10-04 00:38:18'),
(12, 645, 21, '2020-10-13 07:04:00', '2020-10-13 07:04:00'),
(13, 651, 21, '2020-10-14 05:59:22', '2020-10-14 05:59:22'),
(14, 656, 13, '2020-10-17 02:00:09', '2020-10-17 02:00:09'),
(15, 663, 21, '2020-10-19 01:55:29', '2020-10-19 01:55:29'),
(16, 670, 16, '2020-10-20 05:25:44', '2020-10-20 05:25:44'),
(18, 698, 13, '2020-10-28 08:29:38', '2020-10-28 08:29:38'),
(19, 717, 20, '2020-11-03 14:30:14', '2020-11-03 14:30:14'),
(20, 724, 14, '2020-11-05 03:46:49', '2020-11-05 03:46:49'),
(21, 728, 20, '2020-11-08 02:03:47', '2020-11-08 02:03:47'),
(23, 741, 20, '2020-11-11 00:37:17', '2020-11-11 00:37:17'),
(24, 744, 20, '2020-11-12 04:56:19', '2020-11-12 04:56:19'),
(25, 760, 14, '2020-11-17 05:18:16', '2020-11-17 05:18:16'),
(26, 762, 19, '2020-11-18 13:58:18', '2020-11-18 13:58:18'),
(27, 777, 14, '2020-11-23 07:41:40', '2020-11-23 07:41:40'),
(37, 794, 20, '2020-11-26 02:16:01', '2020-11-26 02:16:01'),
(39, 791, 14, '2020-11-26 10:47:09', '2020-11-26 10:47:09'),
(40, 799, 19, '2020-11-29 03:08:34', '2020-11-29 03:08:34'),
(43, 824, 14, '2020-12-15 23:27:11', '2020-12-15 23:27:11'),
(44, 317, 20, '2020-12-22 18:30:47', '2020-12-22 18:30:47'),
(45, 849, 20, '2021-01-05 00:34:40', '2021-01-05 00:34:40'),
(46, 863, 4, '2021-01-05 17:10:36', '2021-01-05 17:10:36');
INSERT INTO `columns` (`id`, `name`, `pid`, `keyword`, `describes`, `show`, `list`, `sort`, `pv`, `created_at`, `updated_at`) VALUES
(1, '协议', 0, '协议', '协议', 1, 1, 5, 0, '2020-10-28 17:24:04', '2020-12-07 13:41:45'),
(2, '付款方式', 0, '12312', '2222', 1, 1, 5, 0, '2020-10-28 21:33:15', '2020-10-31 15:03:39'),
(3, '消费者保障这是一个很长的测试标题看下能显示多长', 0, '消费者保障', '消费者保障', 1, 0, 5, 12, '2020-10-31 15:04:26', '2021-02-04 15:10:35');
INSERT INTO `column_propertys` (`id`, `column_id`, `details`, `created_at`, `updated_at`) VALUES
(1, 1, NULL, '2020-10-28 17:24:04', '2020-12-07 13:41:45'),
(2, 2, NULL, '2020-10-28 21:33:15', '2020-10-28 21:33:15'),
(3, 3, '<p style=\"margin: 0px 0px 0px 5.25pt; padding: 0px; font-variant-numeric: inherit; font-variant-east-asian: inherit; font-stretch: inherit; font-size: 14px; line-height: inherit; font-family: tahoma, arial, \'Hiragino Sans GB\', SimSun, sans-serif; vertical-align: baseline; background-color: #ffffff;\">&nbsp;&nbsp;为了更好的保障消费者，提升卖家的服务水平和商品质量。根据<span style=\"text-decoration-line: none; margin: 0px; padding: 0px; font: inherit; vertical-align: baseline;\">《消费者保障服务协议》约定的条款和条件及其他公示规则的规定，将卖家消保保证金缴存并止付锁定于其支付宝账户，在卖家未履行消费者保障服务承诺时用于对买家进行赔付的资金, 同时要求卖家在国家法律法规规定的期限内，保障买家在商品完好前提下的7天无理由退货权益，具体说明如下：&nbsp;</span></p>\n<p style=\"margin: 0px 0px 0px 5.25pt; padding: 0px; font-variant-numeric: inherit; font-variant-east-asian: inherit; font-stretch: inherit; font-size: 14px; line-height: inherit; font-family: tahoma, arial, \'Hiragino Sans GB\', SimSun, sans-serif; vertical-align: baseline; background-color: #ffffff;\">&nbsp;</p>\n<p style=\"margin: 0px; padding: 0px; font-variant-numeric: inherit; font-variant-east-asian: inherit; font-stretch: inherit; font-size: 14px; line-height: inherit; font-family: tahoma, arial, \'Hiragino Sans GB\', SimSun, sans-serif; vertical-align: baseline; background-color: #ffffff;\"><span style=\"margin: 0px; padding: 0px; font-style: inherit; font-variant: inherit; font-weight: bold; font-stretch: inherit; font-size: inherit; line-height: inherit; font-family: inherit; vertical-align: baseline;\">消保保证金</span></p>\n<p style=\"margin: 0px 0px 0px 5.25pt; padding: 0px; font-variant-numeric: inherit; font-variant-east-asian: inherit; font-stretch: inherit; font-size: 14px; line-height: inherit; font-family: tahoma, arial, \'Hiragino Sans GB\', SimSun, sans-serif; vertical-align: baseline; background-color: #ffffff;\">&nbsp; &nbsp; &nbsp;消费者保障服务支持自买家完成支付宝担保交易付款之日起至交易成功后15天内保障买家权益，如有商品质量问题、描述不符或付款后未收到货等，全程支持退货退款，退货运费由卖家承担。若卖家不履行承诺，以卖家保证金给予先行赔付，保障每一个消费者的网购权益；</p>\n<p style=\"margin: 0px; padding: 0px; font-variant-numeric: inherit; font-variant-east-asian: inherit; font-stretch: inherit; font-size: 14px; line-height: inherit; font-family: tahoma, arial, \'Hiragino Sans GB\', SimSun, sans-serif; vertical-align: baseline; background-color: #ffffff;\">&nbsp;</p>\n<p style=\"margin: 0px; padding: 0px; font-variant-numeric: inherit; font-variant-east-asian: inherit; font-stretch: inherit; font-size: 14px; line-height: inherit; font-family: tahoma, arial, \'Hiragino Sans GB\', SimSun, sans-serif; vertical-align: baseline; background-color: #ffffff;\"><span style=\"margin: 0px; padding: 0px; font-style: inherit; font-variant: inherit; font-weight: bold; font-stretch: inherit; font-size: inherit; line-height: inherit; font-family: inherit; vertical-align: baseline;\">7天无理由退货</span></p>\n<p style=\"margin: 0px; padding: 0px; font-variant-numeric: inherit; font-variant-east-asian: inherit; font-stretch: inherit; font-size: 14px; line-height: inherit; font-family: tahoma, arial, \'Hiragino Sans GB\', SimSun, sans-serif; vertical-align: baseline; background-color: #ffffff;\">&nbsp; &nbsp; &nbsp; &nbsp;卖家在国家法律法规规定的期限内，保障买家在商品完好前提下的7天无理由退货权益。具体为：当买家购买支持&ldquo;7天无理由退货&rdquo;的商品，在签收货物7天内（签收当日第二天零时起计算时间，满168小时为7天），若因买家主观原因不愿完成本次交易，卖家有义务向买家提供退货服务；若卖家未履行其义务，则买家有权按照相关规则向发起对该卖家的维权，并申请&ldquo;7天无理由退货&rdquo;服务；</p>', '2020-10-31 15:04:26', '2020-10-31 15:37:17');
INSERT INTO `comments` (`id`, `model_id`, `model_type`, `user_id`, `parent_id`, `title`, `details`, `state`, `score`, `anonymity`, `created_at`, `updated_at`) VALUES
(2, 177, 'App\\Models\\v1\\GoodIndentCommodity', 618, 0, '', '这是一条测试评价', 1, 5, 0, '2020-12-20 10:25:41', '2020-12-20 10:25:41'),
(3, 176, 'App\\Models\\v1\\GoodIndentCommodity', 618, 0, '', '哈哈哈哈，测试下能不能显示哦', 1, 5, 0, '2020-12-20 10:32:04', '2020-12-20 10:32:04');
INSERT INTO `coupons` (`id`, `name`, `cost`, `type`, `amount`, `residue`, `sill`, `starttime`, `endtime`, `limit_get`, `state`, `deleted_at`, `created_at`, `updated_at`) VALUES
(1, '满100减10', 1000, 1, 10000000, 9999986, 10000, '2020-09-06 16:00:00', '2023-09-30 16:00:00', 1, 1, null, '2020-09-07 13:20:08', '2021-01-25 19:58:09'),
(2, '满100打6折', 6000, 3, 10000, 9980, 10000, '2020-09-06 16:00:00', '2023-10-09 16:00:00', 1, 1, null, '2020-09-07 13:20:53', '2021-01-25 19:58:07'),
(3, '20元无门槛', 2000, 1, 99999, 99983, 0, '2020-09-06 16:00:00', '2023-10-09 16:00:00', 1, 1, null, '2020-09-07 13:21:26', '2021-01-25 19:58:08');
INSERT INTO `dhls` (`id`, `name`, `abbreviation`, `state`, `sort`, `deleted_at`, `created_at`, `updated_at`) VALUES
(1, 'EMS', 'ems', 0, 5, NULL, '2020-07-09 21:13:02', '2020-07-12 14:37:15'),
(2, '申通快递', 'STO', 0, 5, NULL, '2020-07-09 21:13:46', '2020-07-09 21:13:46'),
(3, '顺丰速运', 'SF', 0, 5, NULL, '2020-07-09 21:13:57', '2020-07-09 21:13:57'),
(4, '天天快递', 'HHTT', 0, 5, NULL, '2020-07-09 21:14:08', '2020-07-09 21:14:08'),
(5, '圆通速递', 'YTO', 0, 5, NULL, '2020-07-09 21:14:20', '2020-07-09 21:14:20'),
(6, '韵达速递', 'YD', 0, 5, NULL, '2020-07-09 21:14:33', '2020-07-09 21:14:33'),
(7, '中通速递', 'ZTO', 0, 5, NULL, '2020-07-09 21:14:45', '2021-02-01 14:12:46');
INSERT INTO `distributions` (`id`, `name`, `identification`, `level`, `state`, `created_at`, `updated_at`) VALUES
(1, '注册奖励现金', 'sys_registration_cash', 1, 0, '2021-02-07 11:56:41', '2021-02-07 11:56:41');
INSERT INTO `distribution_rules` (`id`, `distribution_id`, `name`, `type`, `level`, `price`, `created_at`, `updated_at`) VALUES
(1, 1, '1级分销', 0, 1, 1000, '2021-02-07 11:56:41', '2021-02-07 11:56:41');
INSERT INTO `freights` (`id`, `name`, `location`, `pinkage`, `valuation`, `created_at`, `updated_at`) VALUES
(2, '默认模板1', '[\"33\",\"3302\",\"330212\",\"330212005\"]', '[\"15\",\"34\",\"45\",\"64\",\"65\"]', 0, '2020-06-28 13:18:37', '2020-07-03 13:11:07'),
(4, '默认模板1副本', '[\"33\",\"3302\",\"330212\",\"330212005\"]', '[\"15\",\"34\",\"45\",\"54\",\"64\",\"65\"]', 0, '2020-06-28 20:40:20', '2020-06-28 20:40:20');
INSERT INTO `freight_ways` (`id`, `freight_id`, `first_piece`, `first_cost`, `add_piece`, `add_cost`, `location`, `created_at`, `updated_at`) VALUES
(1, 2, 2, 500, 3, 100, '[\"12\",\"32\",\"33\",\"35\",\"36\",\"37\",\"41\",\"42\",\"43\",\"44\",\"46\",\"50\",\"51\",\"52\",\"53\",\"61\",\"62\",\"63\"]', '2020-06-28 20:06:51', '2020-06-28 20:27:04'),
(2, 2, 2, 200, 2, 200, '[\"13\",\"14\",\"21\",\"22\",\"23\",\"31\"]', '2020-06-28 20:06:51', '2020-06-28 20:27:04'),
(3, 2, 2, 500, 1, 500, '[\"11\",\"54\"]', '2020-06-28 20:27:24', '2020-07-03 13:11:07'),
(7, 4, 1, 100, 1, 100, '[\"12\",\"32\",\"33\",\"35\",\"36\",\"37\",\"41\",\"42\",\"43\",\"44\",\"46\",\"50\",\"51\",\"52\",\"53\",\"61\",\"62\",\"63\"]', '2020-06-28 20:40:20', '2020-06-28 20:40:20'),
(8, 4, 2, 200, 2, 200, '[\"13\",\"14\",\"21\",\"22\",\"23\",\"31\"]', '2020-06-28 20:40:20', '2020-06-28 20:40:20'),
(9, 4, 4, 500, 5, 500, '[\"11\"]', '2020-06-28 20:40:20', '2020-06-28 20:40:20');
INSERT INTO `goods` (`id`, `identification`, `name`, `category_id`, `number`, `freight_id`, `brand_id`, `inventory`, `market_price`, `cost_price`, `price`, `sales`, `order_price`, `keywords`, `short_description`, `details`, `is_show`, `is_recommend`, `is_new`, `is_hot`, `is_inventory`, `sort`, `time`, `timing`, `deleted_at`, `created_at`, `updated_at`) VALUES
(4, '1587701602735263251', 'PUMA彪马运动休闲串标织带薄款防晒衣外套女夹克男拉链情侣款潮牌', 11, 'TB001', 2, 2, 0, 0, 0, 0, 0, 14900, NULL, NULL, '<div id=\"J_DivItemDesc\" class=\"content\"><img style=\"max-width: 750.0px;\" src=\"https://img.alicdn.com/imgextra/i1/15647940/O1CN01R5pKEs28WZMaD20rA_!!15647940.png\" data-spm-anchor-id=\"2013.1.0.i3.f6d15d25owcigM\" /><img style=\"max-width: 750.0px;\" src=\"https://img.alicdn.com/imgextra/i2/15647940/O1CN01E1M7qF28WZMXOtuBc_!!15647940.jpg\" /><img style=\"max-width: 750.0px;\" src=\"https://img.alicdn.com/imgextra/i3/15647940/O1CN01hcRrcO28WZMVUy1RD_!!15647940.jpg\" /><img style=\"max-width: 750.0px;\" src=\"https://img.alicdn.com/imgextra/i4/15647940/O1CN01p2NyJU28WZMXOtq2f_!!15647940.jpg\" /><img class=\"\" style=\"max-width: 750.0px;\" src=\"https://img.alicdn.com/imgextra/i4/15647940/O1CN01tWkJLY28WZMVUylB2_!!15647940.jpg\" /><img class=\"\" style=\"max-width: 750.0px;\" src=\"https://img.alicdn.com/imgextra/i1/15647940/O1CN01oGYQEg28WZMVtE6VT_!!15647940.jpg\" /><img class=\"\" style=\"max-width: 750.0px;\" src=\"https://img.alicdn.com/imgextra/i2/15647940/O1CN01R7mCiq28WZMVUxt6z_!!15647940.jpg\" /><img class=\"\" style=\"max-width: 750.0px;\" src=\"https://img.alicdn.com/imgextra/i2/15647940/O1CN01hvSoyP28WZMVUyQOe_!!15647940.jpg\" /><img class=\"\" style=\"max-width: 750.0px;\" src=\"https://img.alicdn.com/imgextra/i1/15647940/O1CN01MY394b28WZMXOtyMy_!!15647940.jpg\" /><img class=\"\" style=\"max-width: 750.0px;\" src=\"https://img.alicdn.com/imgextra/i3/15647940/O1CN01WI7tRd28WZMVtFZyr_!!15647940.jpg\" /></div>', 1, 1, 0, 0, 0, 5, '2020-11-26 07:04:55', NULL, NULL, '2020-04-24 12:13:22', '2020-11-26 07:04:55'),
(5, '1587701889519876406', '阿迪达斯外套男薄款夏季三叶草女潮流情侣运动休闲连帽防风服夹克', 11, 'TB002', 2, 6, 0, 0, 0, 0, 0, 16900, NULL, NULL, '<div id=\"J_DivItemDesc\" class=\"content\">\n<p><img style=\"max-width: 750.0px;\" src=\"https://img.alicdn.com/imgextra/i3/642956265/O1CN012OXdRe1w9PxVuSzGe_!!642956265.jpg\" align=\"absmiddle\" data-spm-anchor-id=\"2013.1.0.i4.26d167af3Pn3G6\" /></p>\n</div>', 1, 0, 0, 0, 0, 5, '2020-11-26 07:04:36', NULL, NULL, '2020-04-24 12:18:09', '2020-11-26 07:04:36'),
(6, '1587702774641928215', '短袖男士t恤韩版修身潮流夏装体恤半袖夏季新款打底衫帅气上衣T恤', 20, 'TB003', 4, 7, 0, 0, 0, 0, 0, 3900, NULL, NULL, '<div id=\"J_DivItemDesc\" class=\"content\">\n<p><img style=\"max-width: 750.0px;\" src=\"https://img.alicdn.com/imgextra/i1/2515144484/O1CN01ecfl6m1iziTfwgnJo_!!2515144484.jpg\" align=\"absmiddle\" data-spm-anchor-id=\"2013.1.0.i1.ec3a7b91uiswEm\" /><img style=\"max-width: 750.0px;\" src=\"https://img.alicdn.com/imgextra/i1/2515144484/O1CN01wjbXmJ1iziSxCsLUP_!!2515144484.jpg\" width=\"750\" align=\"absmiddle\" /><img style=\"max-width: 750.0px;\" src=\"https://img.alicdn.com/imgextra/i1/2515144484/O1CN01j55OWx1iziSyMqiu4_!!2515144484.jpg\" width=\"750\" align=\"absmiddle\" /><img style=\"max-width: 750.0px;\" src=\"https://img.alicdn.com/imgextra/i2/2515144484/O1CN01XguoKl1iziSwxfVdI_!!2515144484.jpg\" width=\"750\" align=\"absmiddle\" /><img class=\"\" style=\"max-width: 750.0px;\" src=\"https://img.alicdn.com/imgextra/i1/2515144484/O1CN01PDDZei1iziSzV8l9F_!!2515144484.jpg\" width=\"750\" align=\"absmiddle\" /><img class=\"\" style=\"max-width: 750.0px;\" src=\"https://img.alicdn.com/imgextra/i3/2515144484/O1CN01yPpaAR1iziSwxg2r1_!!2515144484.jpg\" width=\"750\" align=\"absmiddle\" /><img class=\"\" style=\"max-width: 750.0px;\" src=\"https://img.alicdn.com/imgextra/i2/2515144484/O1CN01D8w50m1iziSyMsSyF_!!2515144484.jpg\" width=\"750\" align=\"absmiddle\" /><img class=\"\" style=\"max-width: 750.0px;\" src=\"https://img.alicdn.com/imgextra/i1/2515144484/O1CN01G3Xwo01iziSxZUJy1_!!2515144484.jpg\" width=\"750\" align=\"absmiddle\" /><img class=\"\" style=\"max-width: 750.0px;\" src=\"https://img.alicdn.com/imgextra/i4/2515144484/O1CN01ZvYfSq1iziSwxgqkO_!!2515144484.png\" width=\"750\" align=\"absmiddle\" /><img class=\"\" style=\"max-width: 750.0px;\" src=\"https://img.alicdn.com/imgextra/i4/2515144484/O1CN01cFqL7p1iziSxZUSJn_!!2515144484.jpg\" width=\"750\" align=\"absmiddle\" /><img class=\"\" style=\"max-width: 750.0px;\" src=\"https://img.alicdn.com/imgextra/i1/2515144484/O1CN01hMda6x1iziSqZn1id_!!2515144484.jpg\" width=\"750\" align=\"absmiddle\" /><img class=\"\" style=\"max-width: 750.0px;\" src=\"https://img.alicdn.com/imgextra/i1/2515144484/O1CN016ObtyT1iziSvnjMCp_!!2515144484.jpg\" width=\"750\" align=\"absmiddle\" /><img class=\"\" style=\"max-width: 750.0px;\" src=\"https://img.alicdn.com/imgextra/i4/2515144484/O1CN01EtHiFW1iziSv2Wd1A_!!2515144484.jpg\" width=\"750\" align=\"absmiddle\" /><img class=\"\" style=\"max-width: 750.0px;\" src=\"https://img.alicdn.com/imgextra/i2/2515144484/O1CN01ggXlMs1iziSwBNJ4h_!!2515144484.jpg\" width=\"750\" align=\"absmiddle\" /><img class=\"\" style=\"max-width: 750.0px;\" src=\"https://img.alicdn.com/imgextra/i2/2515144484/O1CN01L4oT7T1iziSxVhxBn_!!2515144484.jpg\" width=\"750\" align=\"absmiddle\" /><img class=\"\" style=\"max-width: 750.0px;\" src=\"https://img.alicdn.com/imgextra/i3/2515144484/O1CN0130eB7D1iziSyLZUmW_!!2515144484.jpg\" width=\"750\" align=\"absmiddle\" /><img class=\"\" style=\"max-width: 750.0px;\" src=\"https://img.alicdn.com/imgextra/i1/2515144484/O1CN01TphMRB1iziSyzWhY5_!!2515144484.jpg\" width=\"750\" align=\"absmiddle\" /><img class=\"\" style=\"max-width: 750.0px;\" src=\"https://img.alicdn.com/imgextra/i3/2515144484/O1CN01yIOuPn1iziT04NzVg_!!2515144484.jpg\" width=\"750\" align=\"absmiddle\" /><img class=\"\" style=\"max-width: 750.0px;\" src=\"https://img.alicdn.com/imgextra/i4/2515144484/O1CN01YCe4sx1iziSxCpb1I_!!2515144484.jpg\" width=\"750\" align=\"absmiddle\" /><img class=\"\" style=\"max-width: 750.0px;\" src=\"https://img.alicdn.com/imgextra/i2/2515144484/O1CN01HkEYKf1iziSv2UYAv_!!2515144484.jpg\" width=\"750\" align=\"absmiddle\" /><img class=\"\" style=\"max-width: 750.0px;\" src=\"https://img.alicdn.com/imgextra/i1/2515144484/O1CN01iho5VE1iziSxVjYvl_!!2515144484.jpg\" width=\"750\" align=\"absmiddle\" /></p>\n</div>', 1, 0, 0, 0, 0, 5, '2020-11-26 07:04:17', NULL, NULL, '2020-04-24 12:32:54', '2020-11-26 07:04:17'),
(7, '1587703066458544171', '夏季男士短袖t恤翻领polo衫半袖体恤韩版潮流帅气夏天男装上衣服', 20, 'TB006', 2, 5, 0, 0, 0, 0, 0, 3800, NULL, NULL, '<div id=\"J_DivItemDesc\" class=\"content\">\n<p><img style=\"max-width: 750.0px;\" src=\"https://img.alicdn.com/imgextra/i3/3245818434/O1CN01UMf7Z32CAotRCwe2p_!!3245818434.jpg\" align=\"absmiddle\" data-spm-anchor-id=\"2013.1.0.i2.319a36e2qgpXIM\" /><img style=\"max-width: 750.0px;\" src=\"https://img.alicdn.com/imgextra/i2/3245818434/O1CN01bqnhnQ2CAovICVvbG_!!3245818434.jpg\" width=\"750\" align=\"absmiddle\" /><img style=\"max-width: 750.0px;\" src=\"https://img.alicdn.com/imgextra/i1/3245818434/O1CN01ks4vwh2CAovG3tg94_!!3245818434.jpg\" width=\"750\" align=\"absmiddle\" /><img style=\"max-width: 750.0px;\" src=\"https://img.alicdn.com/imgextra/i4/3245818434/O1CN011cGoou2CAovIpNWLn_!!3245818434.jpg\" width=\"750\" align=\"absmiddle\" /><img class=\"\" style=\"max-width: 750.0px;\" src=\"https://img.alicdn.com/imgextra/i1/3245818434/O1CN018mDjPg2CAovHSJ5fZ_!!3245818434.jpg\" width=\"750\" align=\"absmiddle\" /><img class=\"\" style=\"max-width: 750.0px;\" src=\"https://img.alicdn.com/imgextra/i4/3245818434/O1CN01aDdR252CAovICW3vT_!!3245818434.jpg\" width=\"750\" align=\"absmiddle\" /><img class=\"\" style=\"max-width: 750.0px;\" src=\"https://img.alicdn.com/imgextra/i3/3245818434/O1CN01NUqqCI2CAovICCzNR_!!3245818434.jpg\" width=\"750\" align=\"absmiddle\" /><img class=\"\" style=\"max-width: 750.0px;\" src=\"https://img.alicdn.com/imgextra/i2/3245818434/O1CN01a2uYZm2CAovILJG8G_!!3245818434.jpg\" width=\"750\" align=\"absmiddle\" /><img class=\"\" style=\"max-width: 750.0px;\" src=\"https://img.alicdn.com/imgextra/i4/3245818434/O1CN01Ruv3wX2CAovICVSX9_!!3245818434.jpg\" width=\"750\" align=\"absmiddle\" /><img class=\"\" style=\"max-width: 750.0px;\" src=\"https://img.alicdn.com/imgextra/i1/3245818434/O1CN01ODZi4J2CAovJtcH8M_!!3245818434.jpg\" width=\"750\" align=\"absmiddle\" /><img class=\"\" style=\"max-width: 750.0px;\" src=\"https://img.alicdn.com/imgextra/i4/3245818434/O1CN01sAk7um2CAovILJjDX_!!3245818434.jpg\" width=\"750\" align=\"absmiddle\" /><img class=\"\" style=\"max-width: 750.0px;\" src=\"https://img.alicdn.com/imgextra/i2/3245818434/O1CN012SepBE2CAovIpOjBO_!!3245818434.jpg\" width=\"750\" align=\"absmiddle\" /><img class=\"\" style=\"max-width: 750.0px;\" src=\"https://img.alicdn.com/imgextra/i2/3245818434/O1CN01v3Vr9i2CAovGrAluC_!!3245818434.jpg\" width=\"750\" align=\"absmiddle\" /><img class=\"\" style=\"max-width: 750.0px;\" src=\"https://img.alicdn.com/imgextra/i2/3245818434/O1CN01zbbjCh2CAovG3sjw3_!!3245818434.jpg\" width=\"750\" align=\"absmiddle\" /><img class=\"\" style=\"max-width: 750.0px;\" src=\"https://img.alicdn.com/imgextra/i3/3245818434/O1CN014qFxJ12CAovJtdDN8_!!3245818434.jpg\" width=\"750\" align=\"absmiddle\" /><img class=\"\" style=\"max-width: 750.0px;\" src=\"https://img.alicdn.com/imgextra/i3/3245818434/O1CN01OwoRBD2CAovJtcHA7_!!3245818434.jpg\" width=\"750\" align=\"absmiddle\" /><img class=\"\" style=\"max-width: 750.0px;\" src=\"https://img.alicdn.com/imgextra/i3/3245818434/O1CN01668FRG2CAovJZTRBG_!!3245818434.jpg\" width=\"750\" align=\"absmiddle\" /><img class=\"\" style=\"max-width: 750.0px;\" src=\"https://img.alicdn.com/imgextra/i3/3245818434/O1CN015roJjd2CAovHLxgAI_!!3245818434.jpg\" width=\"750\" align=\"absmiddle\" /><img class=\"\" style=\"max-width: 750.0px;\" src=\"https://img.alicdn.com/imgextra/i4/3245818434/O1CN01QzZC1Y2CAovICV7lx_!!3245818434.jpg\" width=\"750\" align=\"absmiddle\" /><img class=\"\" style=\"max-width: 750.0px;\" src=\"https://img.alicdn.com/imgextra/i3/3245818434/O1CN01e0yNBk2CAovEwT9Gt_!!3245818434.jpg\" width=\"750\" align=\"absmiddle\" /><img class=\"\" style=\"max-width: 750.0px;\" src=\"https://img.alicdn.com/imgextra/i3/3245818434/O1CN01bMjcNB2CAovJZTyS6_!!3245818434.jpg\" width=\"750\" align=\"absmiddle\" /><img class=\"\" style=\"max-width: 750.0px;\" src=\"https://img.alicdn.com/imgextra/i3/3245818434/O1CN01dJgDxt2CAovEwT56k_!!3245818434.jpg\" width=\"750\" align=\"absmiddle\" /><img class=\"\" style=\"max-width: 750.0px;\" src=\"https://img.alicdn.com/imgextra/i2/3245818434/O1CN01Z4FDwp2CAovICBVu5_!!3245818434.jpg\" width=\"750\" align=\"absmiddle\" /><img class=\"\" style=\"max-width: 750.0px;\" src=\"https://img.alicdn.com/imgextra/i1/3245818434/O1CN01ivo6d82CAovICD7gm_!!3245818434.jpg\" width=\"750\" align=\"absmiddle\" /><img class=\"\" style=\"max-width: 750.0px;\" src=\"https://img.alicdn.com/imgextra/i2/3245818434/O1CN01pMGRVd2CAovJtaSrx_!!3245818434.jpg\" width=\"750\" align=\"absmiddle\" /></p>\n</div>', 1, 0, 0, 0, 0, 5, '2020-11-26 07:04:03', NULL, NULL, '2020-04-24 12:37:46', '2020-11-26 07:04:03'),
(8, '1587703339953748526', '2019夏季新款男士短袖t恤韩版打底衫条纹半袖体恤潮流男装上衣服', 20, 'TB0056', 2, 7, 0, 0, 0, 0, 0, 3900, NULL, NULL, '<div id=\"J_DivItemDesc\" class=\"content\">\n<p><img style=\"max-width: 750.0px;\" src=\"https://img.alicdn.com/imgextra/i2/2588576099/O1CN01AQcbfm1uvO7gXfUZS_!!2588576099.jpg\" align=\"absmiddle\" data-spm-anchor-id=\"2013.1.0.i1.85306369vdIQgl\" /><img style=\"max-width: 750.0px;\" src=\"https://img.alicdn.com/imgextra/i1/2588576099/O1CN01ESkxcq1uvO6pQvWTL_!!2588576099.jpg\" width=\"750\" align=\"absmiddle\" /><img style=\"max-width: 750.0px;\" src=\"https://img.alicdn.com/imgextra/i1/2588576099/O1CN01AmoxN31uvO6qlxOwm_!!2588576099.jpg\" width=\"750\" align=\"absmiddle\" /><img style=\"max-width: 750.0px;\" src=\"https://img.alicdn.com/imgextra/i2/2588576099/O1CN01wh4ZKV1uvO6s9Gflc_!!2588576099.jpg\" width=\"750\" align=\"absmiddle\" /><img class=\"\" style=\"max-width: 750.0px;\" src=\"https://img.alicdn.com/imgextra/i4/2588576099/O1CN01ZJra5d1uvO6qlvakY_!!2588576099.jpg\" width=\"750\" align=\"absmiddle\" /><img class=\"\" style=\"max-width: 750.0px;\" src=\"https://img.alicdn.com/imgextra/i4/2588576099/O1CN01BZKrLJ1uvO6oGZalF_!!2588576099.jpg\" width=\"750\" align=\"absmiddle\" /><img class=\"\" style=\"max-width: 750.0px;\" src=\"https://img.alicdn.com/imgextra/i2/2588576099/O1CN01D3ukvM1uvO6pvhh2Y_!!2588576099.png\" width=\"750\" align=\"absmiddle\" /><img class=\"\" style=\"max-width: 750.0px;\" src=\"https://img.alicdn.com/imgextra/i3/2588576099/O1CN01hl1Z8T1uvO6s9HTf7_!!2588576099.png\" width=\"750\" align=\"absmiddle\" /><img class=\"\" style=\"max-width: 750.0px;\" src=\"https://img.alicdn.com/imgextra/i4/2588576099/O1CN01621Kl01uvO6pQtVki_!!2588576099.jpg\" width=\"750\" align=\"absmiddle\" /><img class=\"\" style=\"max-width: 750.0px;\" src=\"https://img.alicdn.com/imgextra/i4/2588576099/O1CN01jeiy9I1uvO6rtfjYF_!!2588576099.jpg\" width=\"750\" align=\"absmiddle\" /><img class=\"\" style=\"max-width: 750.0px;\" src=\"https://img.alicdn.com/imgextra/i3/2588576099/O1CN01ITG6M81uvO6pQuBKz_!!2588576099.jpg\" width=\"750\" align=\"absmiddle\" /><img class=\"\" style=\"max-width: 750.0px;\" src=\"https://img.alicdn.com/imgextra/i2/2588576099/O1CN010QsxbA1uvO6nWEAcg_!!2588576099.jpg\" width=\"750\" align=\"absmiddle\" /><img class=\"\" style=\"max-width: 750.0px;\" src=\"https://img.alicdn.com/imgextra/i2/2588576099/O1CN01LQy89X1uvO6nWDV23_!!2588576099.jpg\" width=\"750\" align=\"absmiddle\" /><img class=\"\" style=\"max-width: 750.0px;\" src=\"https://img.alicdn.com/imgextra/i4/2588576099/O1CN01fwu7wb1uvO6pvjIm4_!!2588576099.jpg\" width=\"750\" align=\"absmiddle\" /><img class=\"\" style=\"max-width: 750.0px;\" src=\"https://img.alicdn.com/imgextra/i4/2588576099/O1CN01KLyhRb1uvO6rP90Ym_!!2588576099.jpg\" width=\"750\" align=\"absmiddle\" /><img class=\"\" style=\"max-width: 750.0px;\" src=\"https://img.alicdn.com/imgextra/i4/2588576099/O1CN01BcPKDN1uvO6qmD3UM_!!2588576099.jpg\" width=\"750\" align=\"absmiddle\" /><img class=\"\" style=\"max-width: 750.0px;\" src=\"https://img.alicdn.com/imgextra/i2/2588576099/O1CN01ffnMZm1uvO6sTMUOs_!!2588576099.jpg\" width=\"750\" align=\"absmiddle\" /><img class=\"\" style=\"max-width: 750.0px;\" src=\"https://img.alicdn.com/imgextra/i2/2588576099/O1CN013x6xvT1uvO6qlwSmV_!!2588576099.jpg\" width=\"750\" align=\"absmiddle\" /><img class=\"\" style=\"max-width: 750.0px;\" src=\"https://img.alicdn.com/imgextra/i2/2588576099/O1CN01AX6NGu1uvO6s9HD14_!!2588576099.jpg\" width=\"750\" align=\"absmiddle\" /><img class=\"\" style=\"max-width: 750.0px;\" src=\"https://img.alicdn.com/imgextra/i4/2588576099/O1CN01GTsibA1uvO6rP9wmh_!!2588576099.jpg\" width=\"750\" align=\"absmiddle\" /></p>\n</div>', 1, 0, 0, 0, 0, 5, '2020-11-26 07:03:48', NULL, NULL, '2020-04-24 12:42:19', '2020-11-26 07:03:48'),
(9, '1587704461360194193', '短袖T恤男纯棉打底衫创意印花圆领春夏衣服潮流韩版修身半袖上衣', 20, 'TB0032', 2, 3, 0, 0, 0, 0, 0, 3900, NULL, NULL, '<div id=\"J_DivItemDesc\" class=\"content\">\n<p><img style=\"max-width: 750.0px;\" src=\"https://img.alicdn.com/imgextra/i3/256185134/O1CN013KfHKd1nnPwIbZ9cZ_!!256185134.jpg\" width=\"750\" align=\"absmiddle\" data-spm-anchor-id=\"2013.1.0.i1.30f9a2e6Y8xGvx\" /><img style=\"max-width: 750.0px;\" src=\"https://img.alicdn.com/imgextra/i2/256185134/O1CN01TLOwX41nnPwK9UGbh_!!256185134.jpg\" width=\"750\" align=\"absmiddle\" /><img style=\"max-width: 750.0px;\" src=\"https://img.alicdn.com/imgextra/i3/256185134/O1CN01zxO7Zm1nnPwHPYIlR_!!256185134.jpg\" width=\"750\" align=\"absmiddle\" /><img style=\"max-width: 750.0px;\" src=\"https://img.alicdn.com/imgextra/i4/256185134/O1CN01DFk8Y31nnPwIbMKTf_!!256185134.jpg\" width=\"750\" align=\"absmiddle\" /><img class=\"\" style=\"max-width: 750.0px;\" src=\"https://img.alicdn.com/imgextra/i4/256185134/O1CN019Z1gVM1nnPwHMFOdB_!!256185134.jpg\" width=\"750\" align=\"absmiddle\" /><img class=\"\" style=\"max-width: 750.0px;\" src=\"https://img.alicdn.com/imgextra/i2/256185134/O1CN01cQiw8A1nnPwKdUxsx_!!256185134.jpg\" width=\"750\" align=\"absmiddle\" /><img class=\"\" style=\"max-width: 750.0px;\" src=\"https://img.alicdn.com/imgextra/i3/256185134/O1CN01Wl6kU01nnPwJH6Icp_!!256185134.jpg\" width=\"750\" align=\"absmiddle\" /><img class=\"\" style=\"max-width: 750.0px;\" src=\"https://img.alicdn.com/imgextra/i4/256185134/O1CN01i6eWrc1nnPwJH72La_!!256185134.jpg\" width=\"750\" align=\"absmiddle\" /><img class=\"\" style=\"max-width: 750.0px;\" src=\"https://img.alicdn.com/imgextra/i1/256185134/O1CN01bkbcBP1nnPwIbXHDd_!!256185134.jpg\" width=\"750\" align=\"absmiddle\" /><img class=\"\" style=\"max-width: 750.0px;\" src=\"https://img.alicdn.com/imgextra/i4/256185134/O1CN01BdOwDY1nnPwHPXQhl_!!256185134.jpg\" width=\"750\" align=\"absmiddle\" /><img class=\"\" style=\"max-width: 750.0px;\" src=\"https://img.alicdn.com/imgextra/i4/256185134/O1CN019oqq3t1nnPwKdScMn_!!256185134.jpg\" width=\"750\" align=\"absmiddle\" /><img class=\"\" style=\"max-width: 750.0px;\" src=\"https://img.alicdn.com/imgextra/i2/256185134/O1CN01zlt5iL1nnPwIbWsHr_!!256185134.jpg\" width=\"750\" align=\"absmiddle\" /><img class=\"\" style=\"max-width: 750.0px;\" src=\"https://img.alicdn.com/imgextra/i3/256185134/O1CN01xaRNzd1nnPwIbXPXK_!!256185134.jpg\" width=\"750\" align=\"absmiddle\" /><img class=\"\" style=\"max-width: 750.0px;\" src=\"https://img.alicdn.com/imgextra/i4/256185134/O1CN01XGgAMo1nnPwEVKZOu_!!256185134.jpg\" width=\"750\" align=\"absmiddle\" /><img class=\"\" style=\"max-width: 750.0px;\" src=\"https://img.alicdn.com/imgextra/i2/256185134/O1CN01HEZTm51nnPwH6vvLY_!!256185134.jpg\" width=\"750\" align=\"absmiddle\" /><img class=\"\" style=\"max-width: 750.0px;\" src=\"https://img.alicdn.com/imgextra/i2/256185134/O1CN01fZjlB81nnPwIbLnE7_!!256185134.jpg\" width=\"750\" align=\"absmiddle\" /><img class=\"\" style=\"max-width: 750.0px;\" src=\"https://img.alicdn.com/imgextra/i3/256185134/O1CN018eAdLE1nnPwIHBoUN_!!256185134.jpg\" width=\"750\" align=\"absmiddle\" /><img class=\"\" style=\"max-width: 750.0px;\" src=\"https://img.alicdn.com/imgextra/i1/256185134/O1CN01EubMZS1nnPwKdScMZ_!!256185134.jpg\" width=\"750\" align=\"absmiddle\" /><img class=\"\" style=\"max-width: 750.0px;\" src=\"https://img.alicdn.com/imgextra/i2/256185134/O1CN01ytQaZm1nnPwK9SzcW_!!256185134.jpg\" width=\"750\" align=\"absmiddle\" /><img class=\"\" style=\"max-width: 750.0px;\" src=\"https://img.alicdn.com/imgextra/i4/256185134/O1CN01u9lypY1nnPwEVLygB_!!256185134.jpg\" width=\"750\" align=\"absmiddle\" /><img class=\"\" style=\"max-width: 750.0px;\" src=\"https://img.alicdn.com/imgextra/i3/256185134/O1CN01CNLOwA1nnPwJyRlHk_!!256185134.jpg\" width=\"750\" align=\"absmiddle\" /><img class=\"\" style=\"max-width: 750.0px;\" src=\"https://img.alicdn.com/imgextra/i2/256185134/O1CN01hiAALS1nnPwIHBc1P_!!256185134.jpg\" width=\"750\" align=\"absmiddle\" /><img class=\"\" style=\"max-width: 750.0px;\" src=\"https://img.alicdn.com/imgextra/i3/256185134/O1CN010I88JR1nnPwJySAEM_!!256185134.jpg\" width=\"750\" align=\"absmiddle\" /><img class=\"\" style=\"max-width: 750.0px;\" src=\"https://img.alicdn.com/imgextra/i2/256185134/O1CN01Iy0Jd01nnPw9xWAlZ_!!256185134.jpg\" width=\"750\" align=\"absmiddle\" /><img class=\"\" style=\"max-width: 750.0px;\" src=\"https://img.alicdn.com/imgextra/i4/256185134/O1CN01VhRyWo1nnPwFP996W_!!256185134.jpg\" width=\"750\" align=\"absmiddle\" /><img class=\"\" style=\"max-width: 750.0px;\" src=\"https://img.alicdn.com/imgextra/i2/256185134/O1CN01vDGS601nnPwFP7sAn_!!256185134.jpg\" width=\"750\" align=\"absmiddle\" /></p>\n<p>&nbsp;</p>\n</div>', 1, 0, 0, 0, 0, 5, '2020-11-26 07:03:29', NULL, NULL, '2020-04-24 13:01:01', '2020-11-26 07:03:29'),
(10, '1590120452741499199', '2019夏季男士短袖T恤韩版潮牌青年体恤衫帅气学生打底衫夏装上衣', 20, '22', 2, 5, 0, 0, 0, 0, 0, 3900, NULL, NULL, '<div id=\"J_DivItemDesc\" class=\"content\">\n<p><img style=\"max-width: 750.0px;\" src=\"https://img.alicdn.com/imgextra/i1/2515144484/O1CN01ecfl6m1iziTfwgnJo_!!2515144484.jpg\" align=\"absmiddle\" data-spm-anchor-id=\"2013.1.0.i1.171a66e6EKoodN\" /><img style=\"max-width: 750.0px;\" src=\"https://img.alicdn.com/imgextra/i3/2515144484/O1CN01JZ06Jt1iziSz03nSG_!!2515144484.jpg\" width=\"750\" align=\"absmiddle\" /><img style=\"max-width: 750.0px;\" src=\"https://img.alicdn.com/imgextra/i3/2515144484/O1CN01i1WiCH1iziSzlKtM0_!!2515144484.jpg\" width=\"750\" align=\"absmiddle\" /><img style=\"max-width: 750.0px;\" src=\"https://img.alicdn.com/imgextra/i4/2515144484/O1CN013Eoza21iziSxZwqyx_!!2515144484.jpg\" width=\"750\" align=\"absmiddle\" /><img class=\"\" style=\"max-width: 750.0px;\" src=\"https://img.alicdn.com/imgextra/i1/2515144484/O1CN01mMWip01iziSwyAeq6_!!2515144484.jpg\" width=\"750\" align=\"absmiddle\" /><img class=\"\" style=\"max-width: 750.0px;\" src=\"https://img.alicdn.com/imgextra/i3/2515144484/O1CN01dZMzVr1iziSxDNlbr_!!2515144484.jpg\" width=\"750\" align=\"absmiddle\" /><img class=\"\" style=\"max-width: 750.0px;\" src=\"https://img.alicdn.com/imgextra/i3/2515144484/O1CN01VXc61k1iziSxZweWc_!!2515144484.jpg\" width=\"750\" align=\"absmiddle\" /><img class=\"\" style=\"max-width: 750.0px;\" src=\"https://img.alicdn.com/imgextra/i4/2515144484/O1CN012MfrK81iziSvoDALV_!!2515144484.jpg\" width=\"750\" align=\"absmiddle\" /><img class=\"\" style=\"max-width: 750.0px;\" src=\"https://img.alicdn.com/imgextra/i3/2515144484/O1CN01kdLsDr1iziSxay4zX_!!2515144484.png\" width=\"750\" align=\"absmiddle\" /><img class=\"\" style=\"max-width: 750.0px;\" src=\"https://img.alicdn.com/imgextra/i3/2515144484/O1CN01GidjJs1iziSzVgnOj_!!2515144484.jpg\" width=\"750\" align=\"absmiddle\" /><img class=\"\" style=\"max-width: 750.0px;\" src=\"https://img.alicdn.com/imgextra/i4/2515144484/O1CN01O6OWYs1iziSyNKrjc_!!2515144484.jpg\" width=\"750\" align=\"absmiddle\" /><img class=\"\" style=\"max-width: 750.0px;\" src=\"https://img.alicdn.com/imgextra/i3/2515144484/O1CN01DpIWrl1iziT04wEFc_!!2515144484.jpg\" width=\"750\" align=\"absmiddle\" /><img class=\"\" style=\"max-width: 750.0px;\" src=\"https://img.alicdn.com/imgextra/i2/2515144484/O1CN01J7AvIJ1iziSz02FpS_!!2515144484.jpg\" width=\"750\" align=\"absmiddle\" /><img class=\"\" style=\"max-width: 750.0px;\" src=\"https://img.alicdn.com/imgextra/i2/2515144484/O1CN01sP61OG1iziSz02O7j_!!2515144484.jpg\" width=\"750\" align=\"absmiddle\" /><img class=\"\" style=\"max-width: 750.0px;\" src=\"https://img.alicdn.com/imgextra/i1/2515144484/O1CN01rChUhf1iziSwyBOXX_!!2515144484.jpg\" width=\"750\" align=\"absmiddle\" /><img class=\"\" style=\"max-width: 750.0px;\" src=\"https://img.alicdn.com/imgextra/i1/2515144484/O1CN01NKV8UJ1iziSxZviPA_!!2515144484.jpg\" width=\"750\" align=\"absmiddle\" /><img class=\"\" style=\"max-width: 750.0px;\" src=\"https://img.alicdn.com/imgextra/i3/2515144484/O1CN0167kXwP1iziSwBqVcf_!!2515144484.jpg\" width=\"750\" align=\"absmiddle\" /><img class=\"\" style=\"max-width: 750.0px;\" src=\"https://img.alicdn.com/imgextra/i2/2515144484/O1CN01sX90Em1iziSqaH2LE_!!2515144484.jpg\" width=\"750\" align=\"absmiddle\" /><img class=\"\" style=\"max-width: 750.0px;\" src=\"https://img.alicdn.com/imgextra/i2/2515144484/O1CN01BwloHH1iziSvoE2O6_!!2515144484.jpg\" width=\"750\" align=\"absmiddle\" /><img class=\"\" style=\"max-width: 750.0px;\" src=\"https://img.alicdn.com/imgextra/i4/2515144484/O1CN01sF8Zim1iziSvoGWFP_!!2515144484.jpg\" width=\"750\" align=\"absmiddle\" /><img class=\"\" style=\"max-width: 750.0px;\" src=\"https://img.alicdn.com/imgextra/i2/2515144484/O1CN011tvnmD1iziSwBnh09_!!2515144484.jpg\" width=\"750\" align=\"absmiddle\" /></p>\n</div>', 1, 0, 0, 0, 0, 5, '2020-11-26 07:03:16', NULL, NULL, '2020-05-22 12:07:32', '2020-11-26 07:03:16'),
(11, '1596096852390113985', '韩都衣舍2020夏季新款韩版女装a字裙中长款豹纹半身裙OR9001璎', 53, 'tb003100', 2, 0, 0, 0, 0, 0, 0, 10800, NULL, NULL, '<div class=\"content ke-post\" style=\"height: auto;\"><img id=\"desc-module-1\" class=\"desc_anchor img-ks-lazyload\" src=\"https://assets.alicdn.com/kissy/1.0.0/build/imglazyload/spaceball.gif\" />\n<p><img class=\"img-ks-lazyload\" src=\"https://img.alicdn.com/imgextra/i3/263817957/O1CN01DmGGFO28eM5sqBT5B_!!263817957.jpg\" align=\"absmiddle\" data-spm-anchor-id=\"a220o.1000855.0.i2.666c6586ZzcKrX\" /><img class=\"img-ks-lazyload\" src=\"https://img.alicdn.com/imgextra/i3/263817957/O1CN01U8LxoY28eM5mAYlBd_!!263817957.jpg\" align=\"absmiddle\" /><img class=\"img-ks-lazyload\" src=\"https://img.alicdn.com/imgextra/i2/263817957/O1CN01VXZ3lP28eM5lmTYMl_!!263817957.jpg\" align=\"absmiddle\" /><img class=\"img-ks-lazyload\" src=\"https://img.alicdn.com/imgextra/i4/263817957/O1CN014Exmt028eM5rCJJyW_!!263817957.jpg\" align=\"absmiddle\" /><img class=\"img-ks-lazyload\" src=\"https://img.alicdn.com/imgextra/i3/263817957/O1CN01h2RmAx28eM5pYQu2z_!!263817957.jpg\" align=\"absmiddle\" /><img class=\"img-ks-lazyload\" src=\"https://img.alicdn.com/imgextra/i2/263817957/O1CN01Pm6qFk28eM5sXiYY2_!!263817957.jpg\" align=\"absmiddle\" /><img class=\"img-ks-lazyload\" src=\"https://img.alicdn.com/imgextra/i3/263817957/O1CN019NPmpY28eM5o75Yii_!!263817957.jpg\" align=\"absmiddle\" /><img class=\"img-ks-lazyload\" src=\"https://img.alicdn.com/imgextra/i4/263817957/O1CN01ProOb528eM5nf6HEX_!!263817957.jpg\" align=\"absmiddle\" /><img class=\"img-ks-lazyload\" src=\"https://img.alicdn.com/imgextra/i4/263817957/O1CN01UjelwT28eM5g7p5Sa_!!263817957.jpg\" align=\"absmiddle\" /><img class=\"img-ks-lazyload\" src=\"https://img.alicdn.com/imgextra/i2/263817957/O1CN01cgacBP28eM5rCK3j3_!!263817957.jpg\" align=\"absmiddle\" /><img class=\"img-ks-lazyload\" src=\"https://img.alicdn.com/imgextra/i1/263817957/O1CN01B5XyML28eM5qO666z_!!263817957.jpg\" align=\"absmiddle\" /><img class=\"img-ks-lazyload\" src=\"https://img.alicdn.com/imgextra/i2/263817957/O1CN019hTels28eM0L8jol7_!!263817957.jpg\" align=\"absmiddle\" /><img class=\"img-ks-lazyload\" src=\"https://img.alicdn.com/imgextra/i4/263817957/O1CN01tq834228eM0OcLBH5_!!263817957.jpg\" align=\"absmiddle\" /><img class=\"img-ks-lazyload\" src=\"https://img.alicdn.com/imgextra/i1/263817957/O1CN0111cyJY28eM0Pw00GV_!!263817957.jpg\" align=\"absmiddle\" /><img class=\"img-ks-lazyload\" src=\"https://img.alicdn.com/imgextra/i2/263817957/O1CN01hjdSSo28eM0OUTuzw_!!263817957.jpg\" align=\"absmiddle\" /><img class=\"img-ks-lazyload\" src=\"https://img.alicdn.com/imgextra/i3/263817957/O1CN01TwHYEL28eM0QF4qhD_!!263817957.jpg\" align=\"absmiddle\" /></p>\n</div>', 1, 0, 0, 0, 1, 5, '2020-11-26 07:02:20', NULL, NULL, '2020-07-30 08:14:12', '2020-11-26 07:02:20'),
(12, '1596107460419402664', '【山海经联名】乐町半身裙2020夏季新款女装盘扣百褶半身裙', 53, 'tb000312', 2, 0, 0, 0, 0, 0, 0, 21900, NULL, NULL, '<div class=\"content ke-post\" style=\"height: auto;\"><img id=\"desc-module-1\" class=\"desc_anchor img-ks-lazyload\" src=\"https://assets.alicdn.com/kissy/1.0.0/build/imglazyload/spaceball.gif\" />\n<div style=\"background-color: #ffffff; margin: 0 auto; overflow: hidden; color: #555555; width: 750.0px; font-family: microsoft yahei;\" data-title=\"产品图\" data-id=\"c107a048-c86c-4373-9409-8235933e0588\">\n<div>\n<div style=\"font-size: 0.0px;\"><img class=\"img-ks-lazyload\" src=\"https://img.alicdn.com/imgextra/i4/513051429/O1CN01enMb4E1MQWaihQvvz-513051429.jpg\" /></div>\n<div class=\"section screenshot _m\" style=\"background-color: #ffffff; overflow: hidden; color: #555555; width: 750.0px; position: static;\">\n<div><img id=\"yaImg1_1\" class=\"img-ks-lazyload\" style=\"padding: 0; overflow: hidden; display: block;\" src=\"https://img.alicdn.com/imgextra/i4/513051429/O1CN01AVwqV31MQWaekSUnJ-513051429.gif\" /></div>\n</div>\n<div style=\"font-size: 0.0px;\"><img class=\"img-ks-lazyload\" src=\"https://img.alicdn.com/imgextra/i2/513051429/O1CN01m7z5Vl1MQWahoJNfB-513051429.jpg\" /></div>\n<div style=\"font-size: 0.0px;\"><img class=\"img-ks-lazyload\" src=\"https://img.alicdn.com/imgextra/i4/513051429/O1CN01gPtQkw1MQWahoJJUn-513051429.jpg\" /></div>\n<div style=\"font-size: 0.0px;\"><img class=\"img-ks-lazyload\" src=\"https://img.alicdn.com/imgextra/i2/513051429/O1CN01RcHZPP1MQWalac9H5-513051429.jpg\" /></div>\n<div style=\"font-size: 0.0px;\"><img class=\"img-ks-lazyload\" src=\"https://img.alicdn.com/imgextra/i3/513051429/O1CN01OOAkRC1MQWafjVGSW-513051429.jpg\" usemap=\"#yaImg1_4_map\" />\n<div style=\"float: left; margin-top: -2435.0px; margin-left: 0.0px; opacity: 0.99;\"><a style=\"width: 200.0px; height: 200.0px; display: block;\" href=\"http://detail.tmall.com/item.htm?id=623671059890\" target=\"_blank\" rel=\"noopener\">11111</a></div>\n<div style=\"float: left; margin-top: -2532.0px; margin-left: 13.0px; opacity: 0.99;\"><a style=\"width: 145.0px; height: 97.0px; display: block;\" href=\"http://detail.tmall.com/item.htm?id=623393234560\" target=\"_blank\" rel=\"noopener\">11111</a></div>\n<div style=\"float: left; margin-top: -1271.0px; margin-left: 396.0px; opacity: 0.99;\"><a style=\"width: 137.0px; height: 77.0px; display: block;\" href=\"http://detail.tmall.com/item.htm?id=623393234560\" target=\"_blank\" rel=\"noopener\">11111</a></div>\n<div style=\"float: left; margin-top: -1215.0px; margin-left: 569.0px; opacity: 0.99;\"><a style=\"width: 160.0px; height: 161.0px; display: block;\" href=\"http://detail.tmall.com/item.htm?id=623393334442\" target=\"_blank\" rel=\"noopener\">11111</a></div>\n<div style=\"float: left; margin-top: -2447.0px; margin-left: 460.0px; opacity: 0.99;\"><a style=\"width: 81.0px; height: 108.0px; display: block;\" href=\"http://detail.tmall.com/item.htm?id=622809144636\" target=\"_blank\" rel=\"noopener\">11111</a></div>\n<div style=\"float: left; margin-top: -2540.0px; margin-left: 569.0px; opacity: 0.99;\"><a style=\"width: 129.0px; height: 72.0px; display: block;\" href=\"http://detail.tmall.com/item.htm?id=622809144636\" target=\"_blank\" rel=\"noopener\">11111</a></div>\n<div style=\"float: left; margin-top: -1793.0px; margin-left: 383.0px; opacity: 0.99;\"><a style=\"width: 176.0px; height: 68.0px; display: block;\" href=\"http://detail.tmall.com/item.htm?id=622809144636\" target=\"_blank\" rel=\"noopener\">11111</a></div>\n<div style=\"float: left; margin-top: -1181.0px; margin-left: 315.0px; opacity: 0.99;\"><a style=\"width: 76.0px; height: 112.0px; display: block;\" href=\"http://detail.tmall.com/item.htm?id=622809144636\" target=\"_blank\" rel=\"noopener\">11111</a></div>\n<div style=\"float: left; margin-top: -1791.0px; margin-left: 267.0px; opacity: 0.99;\"><a style=\"width: 93.0px; height: 89.0px; display: block;\" href=\"http://detail.tmall.com/item.htm?id=622809308444\" target=\"_blank\" rel=\"noopener\">11111</a></div>\n<div style=\"float: left; margin-top: -1200.0px; margin-left: 0.0px; opacity: 0.99;\"><a style=\"width: 135.0px; height: 159.0px; display: block;\" href=\"http://detail.tmall.com/item.htm?id=622809308444\" target=\"_blank\" rel=\"noopener\">11111</a></div>\n<div style=\"float: left; margin-top: -1275.0px; margin-left: 48.0px; opacity: 0.99;\"><a style=\"width: 147.0px; height: 81.0px; display: block;\" target=\"_blank\">11111</a></div>\n<div style=\"float: left; margin-top: -1165.0px; margin-left: 231.0px; opacity: 0.99;\"><a style=\"width: 88.0px; height: 172.0px; display: block;\" href=\"http://detail.tmall.com/item.htm?id=623393210657\" target=\"_blank\" rel=\"noopener\">11111</a></div>\n<div style=\"float: left; margin-top: -1705.0px; margin-left: 389.0px; opacity: 0.99;\"><a style=\"width: 141.0px; height: 188.0px; display: block;\" href=\"http://detail.tmall.com/item.htm?id=622809524158\" target=\"_blank\" rel=\"noopener\">11111</a></div>\n<div style=\"float: left; margin-top: -1879.0px; margin-left: 580.0px; opacity: 0.99;\"><a style=\"width: 169.0px; height: 200.0px; display: block;\" href=\"http://detail.tmall.com/item.htm?id=623671027962\" target=\"_blank\" rel=\"noopener\">11111</a></div>\n<div style=\"float: left; margin-top: -1912.0px; margin-left: 28.0px; opacity: 0.99;\"><a style=\"width: 200.0px; height: 200.0px; display: block;\" href=\"http://detail.tmall.com/item.htm?id=622809584102\" target=\"_blank\" rel=\"noopener\">11111</a></div>\n<div style=\"float: left; margin-top: -2417.0px; margin-left: 209.0px; opacity: 0.99;\"><a style=\"width: 148.0px; height: 136.0px; display: block;\" href=\"http://detail.tmall.com/item.htm?id=622809360343\" target=\"_blank\" rel=\"noopener\">11111</a></div>\n<div style=\"float: left; margin-top: -2339.0px; margin-left: 381.0px; opacity: 0.99;\"><a style=\"width: 157.0px; height: 177.0px; display: block;\" href=\"http://detail.tmall.com/item.htm?id=622617267702\" target=\"_blank\" rel=\"noopener\">11111</a></div>\n<div style=\"float: left; margin-top: -2461.0px; margin-left: 557.0px; opacity: 0.99;\"><a style=\"width: 192.0px; height: 200.0px; display: block;\" href=\"http://detail.tmall.com/item.htm?id=622809496181\" target=\"_blank\" rel=\"noopener\">11111</a></div>\n<div style=\"float: left; margin-top: -1169.0px; margin-left: 135.0px; opacity: 0.99;\"><a style=\"width: 72.0px; height: 176.0px; display: block;\" href=\"http://detail.tmall.com/item.htm?id=623117313606\" target=\"_blank\" rel=\"noopener\">11111</a></div>\n<div style=\"float: left; margin-top: -1193.0px; margin-left: 396.0px; opacity: 0.99;\"><a style=\"width: 139.0px; height: 196.0px; display: block;\" href=\"http://detail.tmall.com/item.htm?id=623117313606\" target=\"_blank\" rel=\"noopener\">11111</a></div>\n<div style=\"float: left; margin-top: -1695.0px; margin-left: 244.0px; opacity: 0.99;\"><a style=\"width: 109.0px; height: 128.0px; display: block;\" href=\"http://detail.tmall.com/item.htm?id=623117313606\" target=\"_blank\" rel=\"noopener\">11111</a></div>\n</div>\n<div style=\"font-size: 0.0px;\"><img class=\"img-ks-lazyload\" src=\"https://img.alicdn.com/imgextra/i3/513051429/O1CN017oXoUt1MQWan0myOW-513051429.jpg\" /></div>\n<div style=\"font-size: 0.0px;\"><img class=\"img-ks-lazyload\" src=\"https://img.alicdn.com/imgextra/i3/513051429/O1CN01tz0o3D1MQWaknPgu4-513051429.jpg\" /></div>\n<div style=\"font-size: 0.0px;\"><img class=\"img-ks-lazyload\" src=\"https://img.alicdn.com/imgextra/i3/513051429/O1CN01JDfh3i1MQWaiq7pHA-513051429.jpg\" /></div>\n<div style=\"font-size: 0.0px;\"><img src=\"//img-tmdetail.alicdn.com/tps/i3/T1BYd_XwFcXXb9RTPq-90-90.png\" data-ks-lazyload=\"https://img.alicdn.com/imgextra/i3/513051429/O1CN01tsk77N1MQWakSVf0t-513051429.jpg\" /></div>\n<div style=\"font-size: 0.0px;\"><img src=\"//img-tmdetail.alicdn.com/tps/i3/T1BYd_XwFcXXb9RTPq-90-90.png\" usemap=\"#yaImg1_9_map\" data-ks-lazyload=\"https://img.alicdn.com/imgextra/i4/513051429/O1CN01jLDrDs1MQWaiCksT8-513051429.jpg\" />\n<div style=\"float: left; margin-top: -530.0px; margin-left: 473.0px; opacity: 0.99;\"><a style=\"width: 235.0px; height: 311.0px; display: block;\" href=\"http://detail.tmall.com/item.htm?id=622809144636\" target=\"_blank\" rel=\"noopener\">11111</a></div>\n<div style=\"float: left; margin-top: -841.0px; margin-left: 491.0px; opacity: 0.99;\"><a style=\"width: 225.0px; height: 289.0px; display: block;\" href=\"http://detail.tmall.com/item.htm?id=622809496181\" target=\"_blank\" rel=\"noopener\">11111</a></div>\n</div>\n<div style=\"font-size: 0.0px;\"><img src=\"//img-tmdetail.alicdn.com/tps/i3/T1BYd_XwFcXXb9RTPq-90-90.png\" data-ks-lazyload=\"https://img.alicdn.com/imgextra/i3/513051429/O1CN01EgovgW1MQWaknQA17-513051429.jpg\" /></div>\n<div style=\"font-size: 0.0px;\"><img src=\"//img-tmdetail.alicdn.com/tps/i3/T1BYd_XwFcXXb9RTPq-90-90.png\" data-ks-lazyload=\"https://img.alicdn.com/imgextra/i4/513051429/O1CN015e7pi81MQWaiq7tRK-513051429.jpg\" /></div>\n<div style=\"font-size: 0.0px;\"><img src=\"//img-tmdetail.alicdn.com/tps/i3/T1BYd_XwFcXXb9RTPq-90-90.png\" data-ks-lazyload=\"https://img.alicdn.com/imgextra/i1/513051429/O1CN01qDAmoJ1MQWalabXrF-513051429.jpg\" /></div>\n<div style=\"font-size: 0.0px;\"><img src=\"//img-tmdetail.alicdn.com/tps/i3/T1BYd_XwFcXXb9RTPq-90-90.png\" data-ks-lazyload=\"https://img.alicdn.com/imgextra/i2/513051429/O1CN01a3mVqB1MQWakSY0Tz-513051429.jpg\" /></div>\n<div style=\"font-size: 0.0px;\"><img src=\"//img-tmdetail.alicdn.com/tps/i3/T1BYd_XwFcXXb9RTPq-90-90.png\" usemap=\"#yaImg1_12111_map\" data-ks-lazyload=\"https://img.alicdn.com/imgextra/i4/513051429/O1CN01T5LVfV1MQWaihS0PE-513051429.jpg\" />\n<div style=\"float: left; margin-top: -1112.0px; margin-left: 36.0px; opacity: 0.99;\"><a style=\"width: 688.0px; height: 1073.0px; display: block;\" href=\"http://detail.tmall.com/item.htm?id=623113289923\" target=\"_blank\" rel=\"noopener\">11111</a></div>\n</div>\n<div style=\"font-size: 0.0px;\"><img src=\"//img-tmdetail.alicdn.com/tps/i3/T1BYd_XwFcXXb9RTPq-90-90.png\" data-ks-lazyload=\"https://img.alicdn.com/imgextra/i2/513051429/O1CN01y3EkwP1MQWaiCmYQK-513051429.jpg\" /></div>\n<div style=\"font-size: 0.0px;\"><img src=\"//img-tmdetail.alicdn.com/tps/i3/T1BYd_XwFcXXb9RTPq-90-90.png\" data-ks-lazyload=\"https://img.alicdn.com/imgextra/i4/513051429/O1CN01GwcDwH1MQWakSW86P-513051429.jpg\" /></div>\n<div style=\"font-size: 0.0px;\"><img src=\"//img-tmdetail.alicdn.com/tps/i3/T1BYd_XwFcXXb9RTPq-90-90.png\" usemap=\"#yaImg1_121_map\" data-ks-lazyload=\"https://img.alicdn.com/imgextra/i2/513051429/O1CN01ifFblz1MQWamEfaKD-513051429.jpg\" />\n<div style=\"float: left; margin-top: -1046.0px; margin-left: 39.0px; opacity: 0.99;\"><a style=\"width: 685.0px; height: 984.0px; display: block;\" href=\"http://detail.tmall.com/item.htm?id=623393234560\" target=\"_blank\" rel=\"noopener\">11111</a></div>\n</div>\n<div style=\"font-size: 0.0px;\"><img src=\"//img-tmdetail.alicdn.com/tps/i3/T1BYd_XwFcXXb9RTPq-90-90.png\" data-ks-lazyload=\"https://img.alicdn.com/imgextra/i1/513051429/O1CN01n0EtRT1MQWaekU6Za-513051429.jpg\" /></div>\n<div style=\"font-size: 0.0px;\"><img src=\"//img-tmdetail.alicdn.com/tps/i3/T1BYd_XwFcXXb9RTPq-90-90.png\" data-ks-lazyload=\"https://img.alicdn.com/imgextra/i1/513051429/O1CN01wkyhdf1MQWahoHltZ-513051429.jpg\" /></div>\n<div style=\"font-size: 0.0px;\"><img src=\"//img-tmdetail.alicdn.com/tps/i3/T1BYd_XwFcXXb9RTPq-90-90.png\" data-ks-lazyload=\"https://img.alicdn.com/imgextra/i2/513051429/O1CN01qkvCLS1MQWamEdZeQ-513051429.jpg\" /></div>\n<div style=\"font-size: 0.0px;\"><img src=\"//img-tmdetail.alicdn.com/tps/i3/T1BYd_XwFcXXb9RTPq-90-90.png\" data-ks-lazyload=\"https://img.alicdn.com/imgextra/i2/513051429/O1CN01GpI7vD1MQWaiqA6ch-513051429.jpg\" /></div>\n<div style=\"font-size: 0.0px;\"><img src=\"//img-tmdetail.alicdn.com/tps/i3/T1BYd_XwFcXXb9RTPq-90-90.png\" data-ks-lazyload=\"https://img.alicdn.com/imgextra/i2/513051429/O1CN01RG1ivo1MQWafjT7R8-513051429.jpg\" /></div>\n</div>\n</div>\n</div>', 1, 1, 0, 0, 0, 5, '2020-11-26 07:01:40', NULL, NULL, '2020-07-30 11:11:00', '2020-11-26 07:01:40'),
(13, '1596107859016983002', '吊带裙女宽松内搭衬裙夏季大码打底裙内穿中长款莫代尔背心裙打底', 65, 'tb000212', 2, 0, 0, 0, 0, 0, 0, 3900, NULL, NULL, '<div class=\"content ke-post\" style=\"height: auto;\">\n<p><span style=\"font-size: 36.0px;\">&nbsp; &nbsp; &nbsp; &nbsp; &nbsp; &nbsp; &nbsp; &nbsp; &nbsp; &nbsp; &nbsp; &nbsp;<strong>&nbsp;&nbsp;注意事项</strong></span></p>\n<p><strong><span style=\"font-size: 24.0px;\"><span style=\"color: #3d85c6;\">这款吊带是分别三个长度（86,100,112）CM，面料采用优质的兰金莫代尔。</span>主要特点：<span style=\"color: #ff0000;\">面料顺滑 不会勾丝或者起球，深色面料不会掉色和静电。</span><span style=\"color: #3d85c6;\">宽松的版型穿起来自由自在，亲肤透气性好多色多尺码适合不同需求。</span></span></strong></p>\n<p>&nbsp;</p>\n<p><img class=\"img-ks-lazyload\" src=\"https://img.alicdn.com/imgextra/i4/2112174637/TB29HCrq79WBuNjSspeXXaz5VXa_!!2112174637.jpg?t=1526055441000\" data-spm-anchor-id=\"a220o.1000855.0.i2.6b855c11mZ0x4c\" /><img class=\"img-ks-lazyload\" src=\"https://img.alicdn.com/imgextra/i3/2112174637/TB2tkJMaf6TBKNjSZJiXXbKVFXa_!!2112174637.jpg\" align=\"absmiddle\" /></p>\n<p><img class=\"img-ks-lazyload\" src=\"https://img.alicdn.com/imgextra/i2/2112174637/TB29.y3qYSYBuNjSspfXXcZCpXa_!!2112174637.jpg?t=1526055440000\" /><img class=\"img-ks-lazyload\" src=\"https://img.alicdn.com/imgextra/i2/2112174637/TB2sBmBaamWBuNkHFJHXXaatVXa_!!2112174637.jpg\" align=\"absmiddle\" /><img class=\"img-ks-lazyload\" src=\"https://img.alicdn.com/imgextra/i1/2112174637/TB2zZgQb4SYBuNjSspjXXX73VXa_!!2112174637.jpg\" align=\"absmiddle\" /><img class=\"img-ks-lazyload\" src=\"https://img.alicdn.com/imgextra/i2/2112174637/TB2DTQNb4WYBuNjy1zkXXXGGpXa_!!2112174637.jpg\" align=\"absmiddle\" /><img class=\"img-ks-lazyload\" src=\"https://img.alicdn.com/imgextra/i4/2112174637/TB29Zw8isyYBuNkSnfoXXcWgVXa_!!2112174637.jpg?t=1526055439000\" /><img class=\"img-ks-lazyload\" src=\"https://img.alicdn.com/imgextra/i4/2112174637/O1CN017hmC5Y1k7n4fj2l4Y_!!2112174637.jpg\" align=\"absmiddle\" /><img class=\"img-ks-lazyload\" src=\"https://img.alicdn.com/imgextra/i4/2112174637/O1CN01tBw3NQ1k7n4ep6igI_!!2112174637.jpg\" align=\"absmiddle\" /><img class=\"img-ks-lazyload\" src=\"https://img.alicdn.com/imgextra/i3/2112174637/O1CN01BoLAR41k7n4cCPDF0_!!2112174637.jpg\" align=\"absmiddle\" /><img src=\"//img-tmdetail.alicdn.com/tps/i3/T1BYd_XwFcXXb9RTPq-90-90.png\" align=\"absmiddle\" data-ks-lazyload=\"https://img.alicdn.com/imgextra/i3/2112174637/O1CN01LijHcD1k7n4emWimG_!!2112174637.jpg\" /><img src=\"//img-tmdetail.alicdn.com/tps/i3/T1BYd_XwFcXXb9RTPq-90-90.png\" align=\"absmiddle\" data-ks-lazyload=\"https://img.alicdn.com/imgextra/i4/2112174637/O1CN01s6XpRU1k7n4fd2lFQ_!!2112174637.jpg\" /><img src=\"//img-tmdetail.alicdn.com/tps/i3/T1BYd_XwFcXXb9RTPq-90-90.png\" align=\"absmiddle\" data-ks-lazyload=\"https://img.alicdn.com/imgextra/i3/2112174637/O1CN01lT7xrF1k7n4cCPkWd_!!2112174637.jpg\" /><img src=\"//img-tmdetail.alicdn.com/tps/i3/T1BYd_XwFcXXb9RTPq-90-90.png\" align=\"absmiddle\" data-ks-lazyload=\"https://img.alicdn.com/imgextra/i3/2112174637/O1CN015sm1ri1k7n4fj4hmZ_!!2112174637.jpg\" /></p>\n<span style=\"color: white; line-height: 0.0px; font-size: 0.0px;\">-|-_-|-</span><span style=\"color: white; line-height: 0.0px; font-size: 0.0px;\">-|-_-|-</span></div>', 1, 1, 0, 0, 0, 5, '2020-11-26 07:01:56', NULL, NULL, '2020-07-30 11:17:39', '2020-11-26 07:01:56'),
(14, '1596108029357271800', '赫本风连衣裙2020新款女夏收腰气质深V领显瘦长款复古心机小黑裙', 65, 'tb00213', 2, 0, 0, 0, 0, 0, 4, 38800, NULL, NULL, '<p>12312</p>', 1, 1, 0, 0, 0, 5, '2020-11-26 07:02:06', NULL, NULL, '2020-07-30 11:20:29', '2020-11-26 07:02:06'),
(15, '1596108325390925802', '2020年夏装宽松短袖t恤白色女内搭半袖打底衫t桖新款体桖上衣薄款', 60, 'TB00543', 2, 0, 0, 0, 0, 0, 1, 2900, NULL, NULL, '<p><img class=\"img-ks-lazyload\" src=\"https://img.alicdn.com/imgextra/i1/3042618187/O1CN01qcLDfW2ALhAvyK1lu_!!3042618187.jpg\" align=\"absmiddle\" data-spm-anchor-id=\"a220o.1000855.0.i0.4f772714uQ9SLM\" /><img class=\"img-ks-lazyload\" src=\"https://img.alicdn.com/imgextra/i4/3042618187/O1CN01UsS5RH2ALhBsnRAaS_!!3042618187.gif\" align=\"absmiddle\" /><img class=\"img-ks-lazyload\" src=\"https://img.alicdn.com/imgextra/i1/3042618187/O1CN01CLL6Sg2ALhBzftcp5_!!3042618187.gif\" align=\"absmiddle\" /><img class=\"img-ks-lazyload\" src=\"https://img.alicdn.com/imgextra/i1/3042618187/O1CN01m3XxLI2ALhBn8eJVk_!!3042618187.gif\" align=\"absmiddle\" /><img class=\"img-ks-lazyload\" src=\"https://img.alicdn.com/imgextra/i1/3042618187/O1CN01y031bW2ALhBvAsnl8_!!3042618187.jpg\" align=\"absmiddle\" /><br /><img class=\"img-ks-lazyload\" src=\"https://img.alicdn.com/imgextra/i4/3042618187/O1CN0100rY4u2ALhAte2tDx_!!3042618187.jpg\" align=\"absmiddle\" /><img class=\"img-ks-lazyload\" src=\"https://img.alicdn.com/imgextra/i1/3042618187/O1CN01RmnXhJ2ALhAvyKYxM_!!3042618187.jpg\" align=\"absmiddle\" /><br /><img src=\"//img-tmdetail.alicdn.com/tps/i3/T1BYd_XwFcXXb9RTPq-90-90.png\" align=\"absmiddle\" data-ks-lazyload=\"https://img.alicdn.com/imgextra/i2/3042618187/O1CN01Oi8Zei2ALhAsDOFov_!!3042618187.jpg\" /><img src=\"//img-tmdetail.alicdn.com/tps/i3/T1BYd_XwFcXXb9RTPq-90-90.png\" align=\"absmiddle\" data-ks-lazyload=\"https://img.alicdn.com/imgextra/i3/3042618187/O1CN01aLG3im2ALhArr9ypI_!!3042618187.jpg\" /><img src=\"//img-tmdetail.alicdn.com/tps/i3/T1BYd_XwFcXXb9RTPq-90-90.png\" align=\"absmiddle\" data-ks-lazyload=\"https://img.alicdn.com/imgextra/i3/3042618187/O1CN01bodEVV2ALhAtyCOiq_!!3042618187.jpg\" /><img src=\"//img-tmdetail.alicdn.com/tps/i3/T1BYd_XwFcXXb9RTPq-90-90.png\" align=\"absmiddle\" data-ks-lazyload=\"https://img.alicdn.com/imgextra/i3/3042618187/O1CN01YRxjvo2ALhAuUwof3_!!3042618187.jpg\" /><img src=\"//img-tmdetail.alicdn.com/tps/i3/T1BYd_XwFcXXb9RTPq-90-90.png\" align=\"absmiddle\" data-ks-lazyload=\"https://img.alicdn.com/imgextra/i1/3042618187/O1CN01xCIO1b2ALhAyYsKSb_!!3042618187.jpg\" /><img src=\"//img-tmdetail.alicdn.com/tps/i3/T1BYd_XwFcXXb9RTPq-90-90.png\" align=\"absmiddle\" data-ks-lazyload=\"https://img.alicdn.com/imgextra/i2/3042618187/O1CN01bvj3eG2ALhAu87TbA_!!3042618187.jpg\" /><img src=\"//img-tmdetail.alicdn.com/tps/i3/T1BYd_XwFcXXb9RTPq-90-90.png\" align=\"absmiddle\" data-ks-lazyload=\"https://img.alicdn.com/imgextra/i2/3042618187/O1CN01xVZSbX2ALhAsDQKjP_!!3042618187.jpg\" /><img src=\"//img-tmdetail.alicdn.com/tps/i3/T1BYd_XwFcXXb9RTPq-90-90.png\" align=\"absmiddle\" data-ks-lazyload=\"https://img.alicdn.com/imgextra/i2/3042618187/O1CN01r4lt9H2ALh5DorZwI_!!3042618187.jpg\" /></p>', 1, 1, 0, 0, 0, 5, '2020-11-26 07:01:25', NULL, NULL, '2020-07-30 11:25:25', '2020-11-26 07:01:25'),
(16, '1596108480902780691', '白色短袖t恤女宽松ins潮夏装2020新款韩版百搭超火cec半袖上衣服', 60, 'TB00212', 2, 0, 0, 0, 0, 0, 0, 1200, NULL, NULL, '<p style=\"text-align: center;\"><img class=\"img-ks-lazyload\" src=\"https://img.alicdn.com/imgextra/i2/3878483432/O1CN01HCfBc41bDttJfou5E_!!3878483432.jpg\" align=\"absmiddle\" data-spm-anchor-id=\"a220o.1000855.0.i0.abe63e6flXsI41\" /><img class=\"img-ks-lazyload\" src=\"https://img.alicdn.com/imgextra/i1/3878483432/O1CN01sTASyQ1bDttQVbZMp_!!3878483432.jpg\" align=\"absmiddle\" /><img class=\"img-ks-lazyload\" style=\"text-align: center; max-width: 750.0px;\" src=\"https://img.alicdn.com/imgextra/i2/3878483432/O1CN01Z47oK71bDtoXH5DUh_!!3878483432.jpg\" align=\"absmiddle\" /><br /><img class=\"img-ks-lazyload\" src=\"https://img.alicdn.com/imgextra/i1/3878483432/O1CN01s3tAbK1bDtoeTtynO_!!3878483432.jpg\" align=\"absmiddle\" /><img class=\"img-ks-lazyload\" src=\"https://img.alicdn.com/imgextra/i4/3878483432/O1CN01bC4qdq1bDtsieTwYd_!!3878483432.jpg\" align=\"absmiddle\" /><img class=\"img-ks-lazyload\" src=\"https://img.alicdn.com/imgextra/i4/3878483432/O1CN01PuTbXV1bDtog0DjhA_!!3878483432.jpg\" align=\"absmiddle\" /><br /><img src=\"//img-tmdetail.alicdn.com/tps/i3/T1BYd_XwFcXXb9RTPq-90-90.png\" align=\"absmiddle\" data-ks-lazyload=\"https://img.alicdn.com/imgextra/i2/3878483432/O1CN01SgHRX11bDtoe4yTJb_!!3878483432.jpg\" /><img src=\"//img-tmdetail.alicdn.com/tps/i3/T1BYd_XwFcXXb9RTPq-90-90.png\" align=\"absmiddle\" data-ks-lazyload=\"https://img.alicdn.com/imgextra/i3/3878483432/O1CN011qgPqP1bDtpPFQeBa_!!3878483432.jpg\" /><img src=\"//img-tmdetail.alicdn.com/tps/i3/T1BYd_XwFcXXb9RTPq-90-90.png\" align=\"absmiddle\" data-ks-lazyload=\"https://img.alicdn.com/imgextra/i3/3878483432/O1CN01gkjX3D1bDtog0DnsX_!!3878483432.jpg\" /><img src=\"//img-tmdetail.alicdn.com/tps/i3/T1BYd_XwFcXXb9RTPq-90-90.png\" align=\"absmiddle\" data-ks-lazyload=\"https://img.alicdn.com/imgextra/i1/3878483432/O1CN01pdDlu71bDtoe50YHQ_!!3878483432.jpg\" /><img src=\"//img-tmdetail.alicdn.com/tps/i3/T1BYd_XwFcXXb9RTPq-90-90.png\" align=\"absmiddle\" data-ks-lazyload=\"https://img.alicdn.com/imgextra/i4/3878483432/O1CN01xLFpFd1bDtofTKWCs_!!3878483432.jpg\" /><img src=\"//img-tmdetail.alicdn.com/tps/i3/T1BYd_XwFcXXb9RTPq-90-90.png\" align=\"absmiddle\" data-ks-lazyload=\"https://img.alicdn.com/imgextra/i3/3878483432/O1CN01dgvNyD1bDtqSpV5aM_!!3878483432.jpg\" /><img src=\"//img-tmdetail.alicdn.com/tps/i3/T1BYd_XwFcXXb9RTPq-90-90.png\" align=\"absmiddle\" data-ks-lazyload=\"https://img.alicdn.com/imgextra/i2/3878483432/O1CN01n6PUhY1bDtqWa9cHG_!!3878483432.jpg\" /><img src=\"//img-tmdetail.alicdn.com/tps/i3/T1BYd_XwFcXXb9RTPq-90-90.png\" align=\"absmiddle\" data-ks-lazyload=\"https://img.alicdn.com/imgextra/i1/3878483432/O1CN014Tsb461bDtodnEwB1_!!3878483432.jpg\" /></p>', 1, 1, 0, 0, 0, 5, '2020-11-26 07:01:12', NULL, NULL, '2020-07-30 11:28:00', '2020-11-26 07:01:12');
INSERT INTO `goods` (`id`, `identification`, `name`, `category_id`, `number`, `freight_id`, `brand_id`, `inventory`, `market_price`, `cost_price`, `price`, `sales`, `order_price`, `keywords`, `short_description`, `details`, `is_show`, `is_recommend`, `is_new`, `is_hot`, `is_inventory`, `sort`, `time`, `timing`, `deleted_at`, `created_at`, `updated_at`) VALUES
(17, '1596108667128799791', '森马工装裤女2020新款秋季宽松直筒裤显瘦纯棉休闲裤女士白色裤子', 61, 'TB00982', 2, 0, 0, 0, 0, 0, 0, 15900, NULL, NULL, '<div class=\"content ke-post\" style=\"height: auto;\"><img id=\"desc-module-1\" class=\"desc_anchor img-ks-lazyload\" src=\"https://assets.alicdn.com/kissy/1.0.0/build/imglazyload/spaceball.gif\" />\n<div style=\"background-color: #ffffff; margin: 0 auto; overflow: hidden; color: #555555; width: 750.0px; font-family: 微软雅黑;\" data-title=\"宝贝产品\" data-id=\"f9fec281-083c-4f89-8140-32708881ac75\">\n<div data-id=\"ee817cf5-de76-4a7d-bbd4-c0b0a4783d6d\">\n<div style=\"font-size: 0.0px;\"><img class=\"img-ks-lazyload\" src=\"https://img.alicdn.com/imgextra/i3/397341302/O1CN01kCaEvA1LUMHsJvNDg-397341302.jpg\" /></div>\n</div>\n<div data-id=\"946776a6-7fc6-463e-9fa7-c9c9c59e52c7\">\n<div style=\"font-size: 0.0px;\"><img class=\"img-ks-lazyload\" src=\"https://img.alicdn.com/imgextra/i1/397341302/O1CN010mlZBG1LUMHtugIwy-397341302.jpg\" /></div>\n</div>\n<div data-id=\"14282882-f527-4b41-b44e-6aad5ee312b0\">\n<div style=\"font-size: 0.0px;\"><img class=\"img-ks-lazyload\" src=\"https://img.alicdn.com/imgextra/i1/397341302/O1CN01uVq2rU1LUMHv0illF-397341302.jpg\" /></div>\n</div>\n<div data-id=\"0c4dc836-158a-46d4-8ec8-42533aa8ef33\">\n<div style=\"font-size: 0.0px;\"><img class=\"img-ks-lazyload\" src=\"https://img.alicdn.com/imgextra/i4/397341302/O1CN01ACIIDY1LUMHvgUgHO-397341302.jpg\" /></div>\n</div>\n</div>\n<img id=\"desc-module-2\" class=\"desc_anchor img-ks-lazyload\" src=\"https://assets.alicdn.com/kissy/1.0.0/build/imglazyload/spaceball.gif\" />\n<div style=\"background-color: #ffffff; margin: 0 auto; overflow: hidden; color: #555555; width: 750.0px; font-family: 微软雅黑;\" data-title=\"宝贝信息\" data-id=\"8d33becb-2037-4374-874f-bab47a07007d\">\n<div data-id=\"5816afe4-42af-4f0c-ab3f-8eb0dc20e951\">\n<div style=\"font-size: 0.0px;\"><img class=\"img-ks-lazyload\" src=\"https://img.alicdn.com/imgextra/i4/397341302/O1CN01ljsNct1LUMHphDPIS-397341302.jpg\" /></div>\n</div>\n<div data-id=\"6c2b8d4f-f89d-425b-bf7e-694f0787f76e\">\n<div style=\"font-size: 0.0px;\"><img class=\"img-ks-lazyload\" src=\"https://img.alicdn.com/imgextra/i3/397341302/O1CN01Y40mS21LUMHwkM8f2-397341302.png\" /></div>\n</div>\n<div data-id=\"01c31af1-4aaa-40d3-b2f4-76f15d452606\">\n<div style=\"font-size: 0.0px;\"><img class=\"img-ks-lazyload\" src=\"https://img.alicdn.com/imgextra/i2/397341302/O1CN01yWDTkN1LUMHtuhNU2-397341302.png\" /></div>\n</div>\n</div>\n<img id=\"desc-module-3\" class=\"desc_anchor\" src=\"//img-tmdetail.alicdn.com/tps/i3/T1BYd_XwFcXXb9RTPq-90-90.png\" data-ks-lazyload=\"https://assets.alicdn.com/kissy/1.0.0/build/imglazyload/spaceball.gif\" />\n<div style=\"background-color: #ffffff; margin: 0 auto; overflow: hidden; color: #555555; width: 750.0px; font-family: 微软雅黑;\" data-title=\"宝贝模特图\" data-id=\"7f01f90b-6150-4d66-a124-4dda60a654d6\">\n<div data-id=\"3cc758e0-35e6-4e47-8286-111e0436054d\">\n<div style=\"font-size: 0.0px;\"><img src=\"//img-tmdetail.alicdn.com/tps/i3/T1BYd_XwFcXXb9RTPq-90-90.png\" data-ks-lazyload=\"https://img.alicdn.com/imgextra/i2/397341302/O1CN01DLVqvx1LUMHrhedTU-397341302.jpg\" /></div>\n</div>\n<div data-id=\"d30d5991-d77c-4a30-bc78-d46961fb2b7d\">\n<div style=\"font-size: 0.0px;\"><img src=\"//img-tmdetail.alicdn.com/tps/i3/T1BYd_XwFcXXb9RTPq-90-90.png\" usemap=\"#WeYOuTJR\" data-ks-lazyload=\"https://img.alicdn.com/imgextra/i3/397341302/O1CN01p9EfL81LUMHuDqWPB-397341302.jpg\" />\n<div style=\"float: left; margin-top: -458.0px; margin-left: 521.0px; opacity: 0.99;\"><a style=\"width: 189.0px; height: 189.0px; display: block;\" href=\"http://detail.tmall.com/item.htm?id=617912218428\" target=\"_blank\" rel=\"noopener\">11111</a></div>\n<div style=\"float: left; margin-top: -249.0px; margin-left: 521.0px; opacity: 0.99;\"><a style=\"width: 189.0px; height: 189.0px; display: block;\" href=\"http://detail.tmall.com/item.htm?id=613959714502\" target=\"_blank\" rel=\"noopener\">11111</a></div>\n</div>\n</div>\n<div data-id=\"f9d8cc16-172d-47ce-8648-b49c8e65a02a\">\n<div style=\"font-size: 0.0px;\"><img src=\"//img-tmdetail.alicdn.com/tps/i3/T1BYd_XwFcXXb9RTPq-90-90.png\" data-ks-lazyload=\"https://img.alicdn.com/imgextra/i2/397341302/O1CN01bEPcKr1LUMHjZaYWT-397341302.jpg\" /></div>\n</div>\n</div>\n<img id=\"desc-module-4\" class=\"desc_anchor\" src=\"//img-tmdetail.alicdn.com/tps/i3/T1BYd_XwFcXXb9RTPq-90-90.png\" data-ks-lazyload=\"https://assets.alicdn.com/kissy/1.0.0/build/imglazyload/spaceball.gif\" />\n<div style=\"background-color: #ffffff; margin: 0 auto; overflow: hidden; color: #555555; width: 750.0px; font-family: 微软雅黑;\" data-title=\"宝贝细节\" data-id=\"5305ac1f-ad23-424e-8b81-4daa36eb5581\">\n<div data-id=\"9c5745c8-02b1-4ff5-b022-ed3dd8b3f656\">\n<div style=\"font-size: 0.0px;\"><img src=\"//img-tmdetail.alicdn.com/tps/i3/T1BYd_XwFcXXb9RTPq-90-90.png\" data-ks-lazyload=\"https://img.alicdn.com/imgextra/i4/397341302/O1CN01ojmgNW1LUMHsB7Igk-397341302.jpg\" /></div>\n<div style=\"font-size: 0.0px;\"><img src=\"//img-tmdetail.alicdn.com/tps/i3/T1BYd_XwFcXXb9RTPq-90-90.png\" data-ks-lazyload=\"https://img.alicdn.com/imgextra/i2/397341302/O1CN012DiNBm1LUMHphDwYE-397341302.jpg\" /></div>\n</div>\n<div data-id=\"fca0d2b7-66a6-425b-b59d-c34e318b26ed\">\n<div style=\"font-size: 0.0px;\"><img src=\"//img-tmdetail.alicdn.com/tps/i3/T1BYd_XwFcXXb9RTPq-90-90.png\" data-ks-lazyload=\"https://img.alicdn.com/imgextra/i2/397341302/O1CN01y45WEP1LUMHjZdm5r-397341302.jpg\" /></div>\n<div style=\"font-size: 0.0px;\"><img src=\"//img-tmdetail.alicdn.com/tps/i3/T1BYd_XwFcXXb9RTPq-90-90.png\" data-ks-lazyload=\"https://img.alicdn.com/imgextra/i2/397341302/O1CN01bN0f7c1LUMHuDrG88-397341302.jpg\" /></div>\n</div>\n<div data-id=\"527fc41a-ae11-4c23-ad00-848471ec5d17\">\n<div style=\"font-size: 0.0px;\"><img src=\"//img-tmdetail.alicdn.com/tps/i3/T1BYd_XwFcXXb9RTPq-90-90.png\" data-ks-lazyload=\"https://img.alicdn.com/imgextra/i4/397341302/O1CN01gU5wwq1LUMHtLTIBa-397341302.jpg\" /></div>\n<div style=\"font-size: 0.0px;\"><img src=\"//img-tmdetail.alicdn.com/tps/i3/T1BYd_XwFcXXb9RTPq-90-90.png\" data-ks-lazyload=\"https://img.alicdn.com/imgextra/i4/397341302/O1CN0164ShOC1LUMHwkKC5A-397341302.jpg\" /></div>\n</div>\n</div>\n<img id=\"desc-module-5\" class=\"desc_anchor\" src=\"//img-tmdetail.alicdn.com/tps/i3/T1BYd_XwFcXXb9RTPq-90-90.png\" data-ks-lazyload=\"https://assets.alicdn.com/kissy/1.0.0/build/imglazyload/spaceball.gif\" />\n<div style=\"background-color: #ffffff; margin: 0 auto; overflow: hidden; color: #555555; width: 750.0px; font-family: 微软雅黑;\" data-title=\"宝贝贴士\" data-id=\"e1cd46c7-5c81-4ffc-b93c-7676e9f7861e\">\n<div style=\"font-size: 0.0px;\"><img src=\"//img-tmdetail.alicdn.com/tps/i3/T1BYd_XwFcXXb9RTPq-90-90.png\" data-ks-lazyload=\"https://img.alicdn.com/imgextra/i2/397341302/O1CN01wdUX3l1LUMHoIu7I3-397341302.jpg\" /></div>\n</div>\n</div>', 1, 1, 0, 0, 0, 5, '2020-11-26 07:00:59', NULL, NULL, '2020-07-30 11:31:07', '2020-11-26 07:00:59'),
(18, '1596108813287719714', '优衣库 女装 麻棉休闲短裤 424951 UNIQLO', 61, 'TB00897', 2, 0, 0, 0, 0, 0, 5, 14900, NULL, NULL, '<div class=\"content ke-post\" style=\"height: auto;\"><img id=\"desc-module-1\" class=\"desc_anchor img-ks-lazyload\" src=\"https://assets.alicdn.com/kissy/1.0.0/build/imglazyload/spaceball.gif\" />\n<table border=\"0\" width=\"100%\" cellspacing=\"0\" cellpadding=\"0\">\n<tbody>\n<tr>\n<td>\n<p><img class=\"img-ks-lazyload\" src=\"https://img.alicdn.com/imgextra/i1/196993935/TB2DaldXRYxQeBjSszeXXa0spXa_!!196993935.jpg\" alt=\"初上市价格\" width=\"100%\" /></p>\n<p>199元<br />※初上市价格是指商品首次在优衣库官方旗舰店销售时的价格。</p>\n<p><img class=\"img-ks-lazyload\" src=\"https://img.alicdn.com/imgextra/i3/196993935/TB20HVcXPzyQeBjy0FjXXc5CVXa_!!196993935.jpg\" alt=\"产品说明\" width=\"100%\" /></p>\n<p>设计简约，清新有型。适合打造时尚造型。<br />&middot;采用质地柔软的麻棉混纺面料制成，优美的款型与富有张力的设计是其魅力所在。<br />&middot;腰部加入橡筋的设计，洋溢着休闲气息。</p>\n<p><br />【面料组成】[01 乳白色、09 黑色、11 粉红色、31 米色、47 土黄色、56 橄榄色、69 藏青色]棉50％,亚麻50％。[67 海蓝色]亚麻55％,棉45％。<br />【洗涤信息】机洗。垫布熨烫。请使用洗衣网袋。因素材特性上的原因，在穿着或洗涤中发生摩擦时，面料表面会有发生略微起毛、发白的可能。</p>\n<p><span style=\"color: #ff0000;\">此商品在商品完好，符合相关退换货规则的前提下支持七天无理由退换货。</span></p>\n</td>\n</tr>\n</tbody>\n</table>\n<img id=\"desc-module-2\" class=\"desc_anchor img-ks-lazyload\" src=\"https://assets.alicdn.com/kissy/1.0.0/build/imglazyload/spaceball.gif\" />\n<p><img class=\"img-ks-lazyload\" src=\"https://img.alicdn.com/imgextra/i1/196993935/TB2mkMJXxvzQeBjSZFgXXcvfVXa-196993935.jpg\" alt=\"产品展示（790）.jpg\" width=\"100%\" /></p>\n<table style=\"border-left: 1.0px solid #dcdcdc; border-right: 1.0px solid #dcdcdc; border-top: 1.0px solid #dcdcdc; border-bottom: none medium;\" border=\"0\" width=\"100%\" cellspacing=\"0\" cellpadding=\"0\">\n<tbody>\n<tr>\n<td style=\"border-bottom: 1.0px solid #dcdcdc;\" colspan=\"4\" align=\"center\"><img class=\"img-ks-lazyload\" src=\"https://img.alicdn.com/imgextra/i1/196993935/TB2C1zpahHxQeBjy1zjXXa5YVXa-196993935.jpg\" alt=\"模特搭配（788）.jpg\" width=\"100%\" /></td>\n</tr>\n<tr>\n<td style=\"border-right: 1.0px solid #dcdcdc; border-bottom: 1.0px solid #dcdcdc;\" colspan=\"0\" rowspan=\"3\" align=\"center\" width=\"74.97%\"><img class=\"img-ks-lazyload\" src=\"https://img.alicdn.com/imgextra/i1/196993935/O1CN01qsa2D41ewH7eRB7ff_!!196993935.jpg\" alt=\"186149000m1.jpg\" width=\"100%\" data-spm-anchor-id=\"a220o.1000855.0.i1.7afe263dIOKNHa\" /></td>\n<td style=\"border-bottom: 1.0px solid #dcdcdc;\" align=\"center\" width=\"24.9%\" height=\"250\"><a href=\"https://detail.tmall.com/item.htm?spm=a212k0.12153887.0.0.1a67687da3ADZX&amp;id=611871311822&amp;sku_properties=1627207:100760277\" target=\"_blank\" rel=\"noopener\"><img class=\"img-ks-lazyload\" src=\"https://img.alicdn.com/imgextra/i4/196993935/O1CN01Ru7d6I1ewH7g0a0Ni_!!196993935.jpg\" alt=\"186149000m1s3.jpg\" width=\"100%\" /></a></td>\n</tr>\n<tr>\n<td style=\"border-bottom: 1.0px solid #dcdcdc;\" align=\"center\" width=\"24.9%\" height=\"250\"><a href=\"https://detail.tmall.com/item.htm?spm=a212k0.12153887.0.0.1a67687da3ADZX&amp;id=606675435996&amp;sku_properties=1627207:100760277\" target=\"_blank\" rel=\"noopener\"><img class=\"img-ks-lazyload\" src=\"https://img.alicdn.com/imgextra/i4/196993935/O1CN017A558R1ewH7iKuYys_!!196993935.jpg\" alt=\"186149000m1s3.jpg\" width=\"100%\" /></a></td>\n</tr>\n<tr>\n<td style=\"border-bottom: 1.0px solid #dcdcdc;\" align=\"center\" width=\"24.9%\" height=\"250\"><a href=\"https://detail.tmall.com/item.htm?spm=a212k0.12153887.0.0.1a67687da3ADZX&amp;id=618021050175&amp;sku_properties=1627207:785804615\" target=\"_blank\" rel=\"noopener\"><img class=\"img-ks-lazyload\" src=\"https://img.alicdn.com/imgextra/i3/196993935/O1CN01IAxWvS1ewH7jN7yfc_!!196993935.jpg\" alt=\"186149000m1s2.jpg\" width=\"100%\" /></a></td>\n</tr>\n</tbody>\n</table>\n<table style=\"border-left: 1.0px solid #dcdcdc; border-right: 1.0px solid #dcdcdc; border-top: 0.0px solid #dcdcdc; border-bottom: none medium;\" border=\"0\" width=\"100%\" cellspacing=\"0\" cellpadding=\"0\">\n<tbody>\n<tr>\n<td style=\"border-right: 1.0px solid #dcdcdc; border-bottom: 1.0px solid #dcdcdc;\" colspan=\"0\" rowspan=\"3\" align=\"center\" width=\"74.97%\"><img class=\"img-ks-lazyload\" src=\"https://img.alicdn.com/imgextra/i2/196993935/O1CN01ExQNc31ewH6TpWISx_!!196993935.jpg\" alt=\"186149000m1.jpg\" width=\"100%\" /></td>\n<td style=\"border-bottom: 1.0px solid #dcdcdc;\" align=\"center\" width=\"24.9%\" height=\"250\"><a href=\"https://detail.tmall.com/item.htm?spm=a212k0.12153887.0.0.2046687dtv1dbJ&amp;id=612278315151\" target=\"_blank\" rel=\"noopener\"><img class=\"img-ks-lazyload\" src=\"https://img.alicdn.com/imgextra/i1/196993935/O1CN01MuzrPb1ewH6UCOGHI_!!196993935.jpg\" alt=\"186149000m1s3.jpg\" width=\"100%\" /></a></td>\n</tr>\n<tr>\n<td style=\"border-bottom: 1.0px solid #dcdcdc;\" align=\"center\" width=\"24.9%\" height=\"250\"><a href=\"https://detail.tmall.com/item.htm?spm=a212k0.12153887.0.0.2046687dtv1dbJ&amp;id=611338217054\" target=\"_blank\" rel=\"noopener\"><img class=\"img-ks-lazyload\" src=\"https://img.alicdn.com/imgextra/i1/196993935/O1CN01a6eMeM1ewH6VfVpU9_!!196993935.jpg\" alt=\"186149000m1s2.jpg\" width=\"100%\" /></a></td>\n</tr>\n<tr>\n<td style=\"border-bottom: 1.0px solid #dcdcdc;\" align=\"center\" width=\"24.9%\" height=\"250\"><img class=\"img-ks-lazyload\" src=\"https://img.alicdn.com/imgextra/i1/196993935/TB21xg1bRLzQeBjSZFCXXXmtXXa-196993935.jpg\" alt=\"186149000m1s3.jpg\" width=\"100%\" /></td>\n</tr>\n</tbody>\n</table>\n<table style=\"border-left: 1.0px solid #dcdcdc; border-right: 1.0px solid #dcdcdc; border-top: 0.0px solid #dcdcdc; border-bottom: none medium;\" border=\"0\" width=\"100%\" cellspacing=\"0\" cellpadding=\"0\">\n<tbody>\n<tr>\n<td style=\"border-bottom: 1.0px solid #dcdcdc;\" colspan=\"4\" align=\"center\" width=\"100%\"><img class=\"img-ks-lazyload\" src=\"https://img.alicdn.com/imgextra/i4/196993935/TB2l7lnXKLyQeBjy0FaXXXiDVXa-196993935.jpg\" alt=\"商品细节.jpg\" width=\"100%\" /></td>\n</tr>\n<tr>\n<td style=\"border-right: 1.0px solid #dcdcdc; border-bottom: 1.0px solid #dcdcdc;\" colspan=\"0\" align=\"center\" width=\"49.94%\"><img class=\"img-ks-lazyload\" src=\"https://img.alicdn.com/imgextra/i4/196993935/O1CN01PoDqpC1ewH6ZOvHMM_!!196993935.jpg\" alt=\"405620000sub1.jpg\" width=\"100%\" /></td>\n<td style=\"border-bottom: 1.0px solid #dcdcdc;\" colspan=\"0\" align=\"center\" width=\"49.94%\"><img class=\"img-ks-lazyload\" src=\"https://img.alicdn.com/imgextra/i1/196993935/O1CN010GFETa1ewH6h83UGj_!!196993935.jpg\" alt=\"405620000sub2.jpg\" width=\"100%\" /></td>\n</tr>\n<tr>\n<td style=\"border-right: 1.0px solid #dcdcdc; border-bottom: 1.0px solid #dcdcdc;\" colspan=\"0\" align=\"center\" width=\"49.94%\"><img class=\"img-ks-lazyload\" src=\"https://img.alicdn.com/imgextra/i1/196993935/O1CN01vdbNEW1ewH6eWplZb_!!196993935.jpg\" alt=\"405620000sub3.jpg\" width=\"100%\" /></td>\n<td style=\"border-bottom: 1.0px solid #dcdcdc;\" colspan=\"0\" align=\"center\" width=\"49.94%\"><img class=\"img-ks-lazyload\" src=\"https://img.alicdn.com/imgextra/i3/196993935/O1CN01tE5IQ91ewH6gjtNh0_!!196993935.jpg\" alt=\"405620000sub4.jpg\" width=\"100%\" /></td>\n</tr>\n<tr>\n<td style=\"border-right: 1.0px solid #dcdcdc; border-bottom: 1.0px solid #dcdcdc;\" colspan=\"0\" align=\"center\" width=\"49.94%\"><img class=\"img-ks-lazyload\" src=\"https://img.alicdn.com/imgextra/i1/196993935/O1CN01HwTXdV1ewH6czXWUI_!!196993935.jpg\" alt=\"405620000sub5.jpg\" width=\"100%\" /></td>\n<td style=\"border-bottom: 1.0px solid #dcdcdc;\" colspan=\"0\" align=\"center\" width=\"49.94%\"><img class=\"img-ks-lazyload\" src=\"https://img.alicdn.com/imgextra/i1/196993935/O1CN01ebOM0c1ewH6czWNoL_!!196993935.jpg\" alt=\"405620000sub6.jpg\" width=\"100%\" /></td>\n</tr>\n<tr>\n<td style=\"border-right: 1.0px solid #dcdcdc; border-bottom: 1.0px solid #dcdcdc;\" colspan=\"0\" align=\"center\" width=\"49.94%\"><img class=\"img-ks-lazyload\" src=\"https://img.alicdn.com/imgextra/i1/196993935/O1CN01SKdPT11ewH6czWqum_!!196993935.jpg\" alt=\"405620000sub7.jpg\" width=\"100%\" /></td>\n<td style=\"border-bottom: 1.0px solid #dcdcdc;\" colspan=\"0\" align=\"center\" width=\"49.94%\"><img class=\"img-ks-lazyload\" src=\"https://img.alicdn.com/imgextra/i3/196993935/O1CN018KD41a1ewH6ce9wZr_!!196993935.jpg\" alt=\"405620000sub7.jpg\" width=\"100%\" /></td>\n</tr>\n</tbody>\n</table>\n<img id=\"desc-module-3\" class=\"desc_anchor img-ks-lazyload\" src=\"https://assets.alicdn.com/kissy/1.0.0/build/imglazyload/spaceball.gif\" />\n<p><a name=\"sizechart\"></a><img id=\"sizechart\" class=\"img-ks-lazyload\" src=\"https://img.alicdn.com/imgextra/i2/196993935/TB2WTlaXNvxQeBjy0FiXXXioXXa_!!196993935.jpg\" alt=\"产品尺寸\" width=\"100%\" name=\"sizechart\" /></p>\n<table style=\"text-align: center; font-size: 12.0px; font-family: 微软雅黑; border-left: solid #cccccc 1.0px;\" border=\"0\" width=\"745\" cellspacing=\"0\" cellpadding=\"0\">\n<tbody>\n<tr style=\"background-color: #8c8c8c;\">\n<td style=\"text-align: center; font-family: 微软雅黑; color: #ffffff; border-bottom: solid #cccccc 1.0px; border-right: solid #cccccc 1.0px;\" rowspan=\"2\" align=\"center\" bgcolor=\"#FF0000\" width=\"99\">UNIQLO尺寸<br />(商品尺寸)</td>\n<td style=\"text-align: center; font-family: 微软雅黑; color: #000000; border-bottom: solid #cccccc 1.0px; border-right: solid #cccccc 1.0px;\" colspan=\"5\" bgcolor=\"#dde3ff\" height=\"36\">商品尺寸(cm)</td>\n<td style=\"text-align: center; font-family: 微软雅黑; color: #ffffff; border-bottom: solid #cccccc 1.0px; border-right: solid #cccccc 1.0px;\" colspan=\"2\" bgcolor=\"#999999\" height=\"36\">建议身材(cm)</td>\n</tr>\n<tr style=\"background: #dde3ff;\">\n<td style=\"text-align: center; border-bottom: solid #cccccc 1.0px; border-right: solid #cccccc 1.0px;\" width=\"65\">臀围</td>\n<td style=\"text-align: center; border-bottom: solid #cccccc 1.0px; border-right: solid #cccccc 1.0px;\" width=\"90\">底裆宽</td>\n<td style=\"text-align: center; border-bottom: solid #cccccc 1.0px; border-right: solid #cccccc 1.0px;\" width=\"64\">上裆</td>\n<td style=\"text-align: center; border-bottom: solid #cccccc 1.0px; border-right: solid #cccccc 1.0px;\" width=\"64\">裤脚宽度</td>\n<td style=\"text-align: center; border-bottom: solid #cccccc 1.0px; border-right: solid #cccccc 1.0px;\" width=\"87\">裤内裆长</td>\n<td style=\"text-align: center; font-family: 微软雅黑; color: #ffffff; border-bottom: solid #cccccc 1.0px; border-right: solid #cccccc 1.0px;\" bgcolor=\"#999999\" width=\"80\" height=\"36\">腰围</td>\n</tr>\n<tr>\n<td style=\"text-align: center; border-bottom: solid #cccccc 1.0px; border-right: solid #cccccc 1.0px;\" bgcolor=\"#dde3ff\" height=\"36\">155/58A(XS)</td>\n<td style=\"border-bottom: solid #cccccc 1.0px; border-right: solid #cccccc 1.0px;\">102</td>\n<td style=\"border-bottom: solid #cccccc 1.0px; border-right: solid #cccccc 1.0px;\">34</td>\n<td style=\"border-bottom: solid #cccccc 1.0px; border-right: solid #cccccc 1.0px;\">26</td>\n<td style=\"border-bottom: solid #cccccc 1.0px; border-right: solid #cccccc 1.0px;\">33</td>\n<td style=\"border-bottom: solid #cccccc 1.0px; border-right: solid #cccccc 1.0px;\">9.5</td>\n<td style=\"border-bottom: solid #cccccc 1.0px; border-right: solid #cccccc 1.0px;\">57～63</td>\n</tr>\n<tr>\n<td style=\"text-align: center; border-bottom: solid #cccccc 1.0px; border-right: solid #cccccc 1.0px;\" bgcolor=\"#dde3ff\" height=\"36\">155/62A(S)</td>\n<td style=\"border-bottom: solid #cccccc 1.0px; border-right: solid #cccccc 1.0px;\">106</td>\n<td style=\"border-bottom: solid #cccccc 1.0px; border-right: solid #cccccc 1.0px;\">35.5</td>\n<td style=\"border-bottom: solid #cccccc 1.0px; border-right: solid #cccccc 1.0px;\">26.5</td>\n<td style=\"border-bottom: solid #cccccc 1.0px; border-right: solid #cccccc 1.0px;\">34.5</td>\n<td style=\"border-bottom: solid #cccccc 1.0px; border-right: solid #cccccc 1.0px;\">9.5</td>\n<td style=\"border-bottom: solid #cccccc 1.0px; border-right: solid #cccccc 1.0px;\">60～66</td>\n</tr>\n<tr>\n<td style=\"text-align: center; border-bottom: solid #cccccc 1.0px; border-right: solid #cccccc 1.0px;\" bgcolor=\"#dde3ff\" height=\"36\">160/66A(M)</td>\n<td style=\"border-bottom: solid #cccccc 1.0px; border-right: solid #cccccc 1.0px;\">110</td>\n<td style=\"border-bottom: solid #cccccc 1.0px; border-right: solid #cccccc 1.0px;\">37</td>\n<td style=\"border-bottom: solid #cccccc 1.0px; border-right: solid #cccccc 1.0px;\">27</td>\n<td style=\"border-bottom: solid #cccccc 1.0px; border-right: solid #cccccc 1.0px;\">35.5</td>\n<td style=\"border-bottom: solid #cccccc 1.0px; border-right: solid #cccccc 1.0px;\">9.5</td>\n<td style=\"border-bottom: solid #cccccc 1.0px; border-right: solid #cccccc 1.0px;\">63～69</td>\n</tr>\n<tr>\n<td style=\"text-align: center; border-bottom: solid #cccccc 1.0px; border-right: solid #cccccc 1.0px;\" bgcolor=\"#dde3ff\" height=\"36\">160/70A(L)</td>\n<td style=\"border-bottom: solid #cccccc 1.0px; border-right: solid #cccccc 1.0px;\">116</td>\n<td style=\"border-bottom: solid #cccccc 1.0px; border-right: solid #cccccc 1.0px;\">38.5</td>\n<td style=\"border-bottom: solid #cccccc 1.0px; border-right: solid #cccccc 1.0px;\">28</td>\n<td style=\"border-bottom: solid #cccccc 1.0px; border-right: solid #cccccc 1.0px;\">37.5</td>\n<td style=\"border-bottom: solid #cccccc 1.0px; border-right: solid #cccccc 1.0px;\">9.5</td>\n<td style=\"border-bottom: solid #cccccc 1.0px; border-right: solid #cccccc 1.0px;\">69～75</td>\n</tr>\n<tr>\n<td style=\"text-align: center; border-bottom: solid #cccccc 1.0px; border-right: solid #cccccc 1.0px;\" bgcolor=\"#dde3ff\" height=\"36\">165/78A(XL)</td>\n<td style=\"border-bottom: solid #cccccc 1.0px; border-right: solid #cccccc 1.0px;\">122</td>\n<td style=\"border-bottom: solid #cccccc 1.0px; border-right: solid #cccccc 1.0px;\">40.5</td>\n<td style=\"border-bottom: solid #cccccc 1.0px; border-right: solid #cccccc 1.0px;\">29</td>\n<td style=\"border-bottom: solid #cccccc 1.0px; border-right: solid #cccccc 1.0px;\">39</td>\n<td style=\"border-bottom: solid #cccccc 1.0px; border-right: solid #cccccc 1.0px;\">9.5</td>\n<td style=\"border-bottom: solid #cccccc 1.0px; border-right: solid #cccccc 1.0px;\">75～81</td>\n</tr>\n<tr>\n<td style=\"text-align: center; border-bottom: solid #cccccc 1.0px; border-right: solid #cccccc 1.0px;\" bgcolor=\"#dde3ff\" height=\"36\">170/82A(XXL)</td>\n<td style=\"border-bottom: solid #cccccc 1.0px; border-right: solid #cccccc 1.0px;\">128</td>\n<td style=\"border-bottom: solid #cccccc 1.0px; border-right: solid #cccccc 1.0px;\">42.5</td>\n<td style=\"border-bottom: solid #cccccc 1.0px; border-right: solid #cccccc 1.0px;\">30</td>\n<td style=\"border-bottom: solid #cccccc 1.0px; border-right: solid #cccccc 1.0px;\">41</td>\n<td style=\"border-bottom: solid #cccccc 1.0px; border-right: solid #cccccc 1.0px;\">9.5</td>\n<td style=\"border-bottom: solid #cccccc 1.0px; border-right: solid #cccccc 1.0px;\">81～87</td>\n</tr>\n<tr>\n<td style=\"text-align: center; border-bottom: solid #cccccc 1.0px; border-right: solid #cccccc 1.0px;\" bgcolor=\"#dde3ff\" height=\"36\">175/88B(3XL)</td>\n<td style=\"border-bottom: solid #cccccc 1.0px; border-right: solid #cccccc 1.0px;\">134</td>\n<td style=\"border-bottom: solid #cccccc 1.0px; border-right: solid #cccccc 1.0px;\">44</td>\n<td style=\"border-bottom: solid #cccccc 1.0px; border-right: solid #cccccc 1.0px;\">31</td>\n<td style=\"border-bottom: solid #cccccc 1.0px; border-right: solid #cccccc 1.0px;\">43</td>\n<td style=\"border-bottom: solid #cccccc 1.0px; border-right: solid #cccccc 1.0px;\">9.5</td>\n<td style=\"border-bottom: solid #cccccc 1.0px; border-right: solid #cccccc 1.0px;\">87～93</td>\n</tr>\n</tbody>\n</table>\n</div>', 1, 1, 0, 0, 0, 5, '2020-11-26 07:00:42', NULL, NULL, '2020-07-30 11:33:33', '2020-11-26 07:00:42'),
(19, '1596108963502228322', '厚底老爹鞋女ins潮2020新款夏网面高跟透气运动休闲鞋内增高女鞋', 73, 'TB00234', 2, 0, 0, 0, 0, 0, 1, 43900, NULL, NULL, '<div id=\"description\" class=\"J_DetailSection tshop-psm ke-post\">\n<div id=\"J_DivItemDesc\" class=\"content\">\n<p><img style=\"max-width: 750.0px;\" src=\"https://img.alicdn.com/imgextra/i1/2996497435/O1CN01BZGzTt24nHHfRcssM_!!2996497435.jpg\" align=\"absmiddle\" data-spm-anchor-id=\"2013.1.0.i3.29d23fa61WJOv4\" /><img style=\"max-width: 750.0px;\" src=\"https://img.alicdn.com/imgextra/i3/2996497435/O1CN01Yp4e3p24nHHeAoQp5_!!2996497435.jpg\" align=\"absmiddle\" /><img style=\"max-width: 750.0px;\" src=\"https://img.alicdn.com/imgextra/i1/2996497435/O1CN01MBvisT24nHHgkNZom_!!2996497435.jpg\" align=\"absmiddle\" /><img style=\"max-width: 750.0px;\" src=\"https://img.alicdn.com/imgextra/i1/2996497435/O1CN01QzD0GD24nHHZYtOkn_!!2996497435.jpg\" align=\"absmiddle\" /><img class=\"\" style=\"max-width: 750.0px;\" src=\"https://img.alicdn.com/imgextra/i2/2996497435/O1CN01nxW2t324nHHjh1Qt0_!!2996497435.jpg\" width=\"750\" height=\"432\" align=\"absmiddle\" /><img class=\"\" style=\"max-width: 750.0px;\" src=\"https://img.alicdn.com/imgextra/i2/2996497435/O1CN01JUayZS24nHHiohUfb_!!2996497435.jpg\" width=\"750\" height=\"385\" align=\"absmiddle\" /><img class=\"\" style=\"max-width: 750.0px;\" src=\"https://img.alicdn.com/imgextra/i1/2996497435/O1CN013p1uFJ24nHHjVU2pr_!!2996497435.jpg\" width=\"750\" height=\"878\" align=\"absmiddle\" /><img class=\"\" style=\"max-width: 750.0px;\" src=\"//img.alicdn.com/tps/i4/T10B2IXb4cXXcHmcPq-85-85.gif\" width=\"750\" height=\"650\" align=\"absmiddle\" data-ks-lazyload=\"https://img.alicdn.com/imgextra/i4/2996497435/O1CN01q1mwCw24nHHh3ugQw_!!2996497435.jpg\" /><img class=\"\" style=\"max-width: 750.0px;\" src=\"//img.alicdn.com/tps/i4/T10B2IXb4cXXcHmcPq-85-85.gif\" width=\"750\" height=\"992\" align=\"absmiddle\" data-ks-lazyload=\"https://img.alicdn.com/imgextra/i1/2996497435/O1CN01ZzTtAY24nHHfNJQ0z_!!2996497435.jpg\" /><img class=\"\" style=\"max-width: 750.0px;\" src=\"//img.alicdn.com/tps/i4/T10B2IXb4cXXcHmcPq-85-85.gif\" width=\"750\" height=\"667\" align=\"absmiddle\" data-ks-lazyload=\"https://img.alicdn.com/imgextra/i3/2996497435/O1CN01Kk9wTH24nHHjVTAmr_!!2996497435.jpg\" /><img class=\"\" style=\"max-width: 750.0px;\" src=\"//img.alicdn.com/tps/i4/T10B2IXb4cXXcHmcPq-85-85.gif\" width=\"750\" height=\"736\" align=\"absmiddle\" data-ks-lazyload=\"https://img.alicdn.com/imgextra/i2/2996497435/O1CN01P603R924nHHiohE48_!!2996497435.jpg\" /><img class=\"\" style=\"max-width: 750.0px;\" src=\"//img.alicdn.com/tps/i4/T10B2IXb4cXXcHmcPq-85-85.gif\" width=\"750\" height=\"673\" align=\"absmiddle\" data-ks-lazyload=\"https://img.alicdn.com/imgextra/i4/2996497435/O1CN01ErdlOQ24nHHkA4FVX_!!2996497435.jpg\" /><img class=\"\" style=\"max-width: 750.0px;\" src=\"//img.alicdn.com/tps/i4/T10B2IXb4cXXcHmcPq-85-85.gif\" width=\"750\" height=\"792\" align=\"absmiddle\" data-ks-lazyload=\"https://img.alicdn.com/imgextra/i1/2996497435/O1CN01V2rn6B24nHHi9dcNM_!!2996497435.jpg\" /><img class=\"\" style=\"max-width: 750.0px;\" src=\"//img.alicdn.com/tps/i4/T10B2IXb4cXXcHmcPq-85-85.gif\" width=\"750\" height=\"495\" align=\"absmiddle\" data-ks-lazyload=\"https://img.alicdn.com/imgextra/i4/2996497435/O1CN01fAx9mr24nHHhqFhf0_!!2996497435.jpg\" /><img class=\"\" style=\"max-width: 750.0px;\" src=\"//img.alicdn.com/tps/i4/T10B2IXb4cXXcHmcPq-85-85.gif\" width=\"750\" height=\"767\" align=\"absmiddle\" data-ks-lazyload=\"https://img.alicdn.com/imgextra/i3/2996497435/O1CN01aD0LR924nHHgvlcTt_!!2996497435.jpg\" /><img class=\"\" style=\"max-width: 750.0px;\" src=\"//img.alicdn.com/tps/i4/T10B2IXb4cXXcHmcPq-85-85.gif\" width=\"750\" height=\"598\" align=\"absmiddle\" data-ks-lazyload=\"https://img.alicdn.com/imgextra/i2/2996497435/O1CN01eEt9uS24nHHgIYp27_!!2996497435.jpg\" /><img class=\"\" style=\"max-width: 750.0px;\" src=\"//img.alicdn.com/tps/i4/T10B2IXb4cXXcHmcPq-85-85.gif\" width=\"750\" height=\"891\" align=\"absmiddle\" data-ks-lazyload=\"https://img.alicdn.com/imgextra/i2/2996497435/O1CN01OkvBvN24nHHfNH4Wk_!!2996497435.jpg\" /><img class=\"\" style=\"max-width: 750.0px;\" src=\"//img.alicdn.com/tps/i4/T10B2IXb4cXXcHmcPq-85-85.gif\" width=\"750\" height=\"838\" align=\"absmiddle\" data-ks-lazyload=\"https://img.alicdn.com/imgextra/i4/2996497435/O1CN013aPoCH24nHHh3Ui0s_!!2996497435.jpg\" /><img class=\"\" style=\"max-width: 750.0px;\" src=\"//img.alicdn.com/tps/i4/T10B2IXb4cXXcHmcPq-85-85.gif\" width=\"750\" height=\"748\" align=\"absmiddle\" data-ks-lazyload=\"https://img.alicdn.com/imgextra/i4/2996497435/O1CN01SaeDEL24nHHgvkPfX_!!2996497435.jpg\" /><img class=\"\" style=\"max-width: 750.0px;\" src=\"//img.alicdn.com/tps/i4/T10B2IXb4cXXcHmcPq-85-85.gif\" width=\"750\" height=\"789\" align=\"absmiddle\" data-ks-lazyload=\"https://img.alicdn.com/imgextra/i3/2996497435/O1CN01BAlKwY24nHHi9gALP_!!2996497435.jpg\" /><img class=\"\" style=\"max-width: 750.0px;\" src=\"//img.alicdn.com/tps/i4/T10B2IXb4cXXcHmcPq-85-85.gif\" width=\"750\" height=\"895\" align=\"absmiddle\" data-ks-lazyload=\"https://img.alicdn.com/imgextra/i1/2996497435/O1CN01SpHWRu24nHHh3VVvT_!!2996497435.jpg\" /><img class=\"\" style=\"max-width: 750.0px;\" src=\"//img.alicdn.com/tps/i4/T10B2IXb4cXXcHmcPq-85-85.gif\" width=\"750\" height=\"744\" align=\"absmiddle\" data-ks-lazyload=\"https://img.alicdn.com/imgextra/i2/2996497435/O1CN01BdgKnC24nHHi9fA0I_!!2996497435.jpg\" /><img class=\"\" style=\"max-width: 750.0px;\" src=\"//img.alicdn.com/tps/i4/T10B2IXb4cXXcHmcPq-85-85.gif\" width=\"750\" height=\"677\" align=\"absmiddle\" data-ks-lazyload=\"https://img.alicdn.com/imgextra/i3/2996497435/O1CN01oYo9QU24nHHjVVSBB_!!2996497435.jpg\" /></p>\n</div>\n</div>', 1, 1, 0, 0, 0, 5, '2020-11-26 06:51:12', NULL, NULL, '2020-07-30 11:36:03', '2020-11-26 06:51:12'),
(20, '1596109118877675950', '欧洲站女鞋2020夏季新款中跟单鞋女尖头粗跟高跟百搭英伦小皮鞋潮', 73, 'TB0078565', 2, 0, 0, 0, 0, 0, 5, 34800, NULL, NULL, '<div id=\"description\" class=\"J_DetailSection tshop-psm ke-post\">\n<div id=\"J_DivItemDesc\" class=\"content\">\n<p><img id=\"desc-module-1\" class=\"desc_anchor\" src=\"https://img.alicdn.com/imgextra/i4/602747469/O1CN01Hc9VBy252qm8Tf8uK_!!602747469.gif\" /></p>\n<p>&nbsp;<img src=\"https://img.alicdn.com/imgextra/i1/602747469/O1CN01rdRCEu252qmBqXOtf_!!602747469.jpg\" align=\"middle\" data-spm-anchor-id=\"2013.1.0.i1.59c05122z8CrfF\" /></p>\n<p><img id=\"desc-module-2\" class=\"desc_anchor\" src=\"https://img.alicdn.com/imgextra/i4/602747469/O1CN01Hc9VBy252qm8Tf8uK_!!602747469.gif\" /></p>\n<p><img src=\"https://img.alicdn.com/imgextra/i2/602747469/O1CN01ILpM5D252qm8btqj8_!!602747469.jpg\" width=\"750\" align=\"absMiddle\" /></p>\n<p><img id=\"desc-module-3\" class=\"desc_anchor\" src=\"https://img.alicdn.com/imgextra/i4/602747469/O1CN01Hc9VBy252qm8Tf8uK_!!602747469.gif\" /></p>\n<p><img class=\"\" src=\"https://img.alicdn.com/imgextra/i1/602747469/O1CN01IX4du6252qmCH4nqx_!!602747469.jpg\" width=\"750\" align=\"absMiddle\" /><img class=\"\" src=\"https://img.alicdn.com/imgextra/i3/602747469/O1CN012GOEng252qmApXeV4_!!602747469.jpg\" width=\"750\" align=\"absMiddle\" /><img class=\"\" src=\"https://img.alicdn.com/imgextra/i4/602747469/O1CN01Am1l6S252qmCH6TpI_!!602747469.jpg\" width=\"750\" align=\"absMiddle\" /><img class=\"\" src=\"//img.alicdn.com/tps/i4/T10B2IXb4cXXcHmcPq-85-85.gif\" width=\"750\" align=\"absMiddle\" data-ks-lazyload=\"https://img.alicdn.com/imgextra/i4/602747469/O1CN018GDN9N252qm7twNoS_!!602747469.jpg\" /><img class=\"\" src=\"//img.alicdn.com/tps/i4/T10B2IXb4cXXcHmcPq-85-85.gif\" width=\"750\" align=\"absMiddle\" data-ks-lazyload=\"https://img.alicdn.com/imgextra/i1/602747469/O1CN010cKnzC252qm5OXNLL_!!602747469.jpg\" /><img class=\"\" src=\"//img.alicdn.com/tps/i4/T10B2IXb4cXXcHmcPq-85-85.gif\" width=\"750\" align=\"absMiddle\" data-ks-lazyload=\"https://img.alicdn.com/imgextra/i2/602747469/O1CN01nhTfTh252qm5OYuyP_!!602747469.jpg\" /><img class=\"\" src=\"//img.alicdn.com/tps/i4/T10B2IXb4cXXcHmcPq-85-85.gif\" width=\"750\" align=\"absMiddle\" data-ks-lazyload=\"https://img.alicdn.com/imgextra/i1/602747469/O1CN01CPadeE252qm8C1vnK_!!602747469.jpg\" /><img class=\"\" src=\"//img.alicdn.com/tps/i4/T10B2IXb4cXXcHmcPq-85-85.gif\" width=\"750\" align=\"absMiddle\" data-ks-lazyload=\"https://img.alicdn.com/imgextra/i4/602747469/O1CN01WdCpRG252qm0oFmNR_!!602747469.jpg\" /><img class=\"\" src=\"//img.alicdn.com/tps/i4/T10B2IXb4cXXcHmcPq-85-85.gif\" width=\"750\" align=\"absMiddle\" data-ks-lazyload=\"https://img.alicdn.com/imgextra/i3/602747469/O1CN01lE64ht252qm7txvRd_!!602747469.jpg\" /><img class=\"\" src=\"//img.alicdn.com/tps/i4/T10B2IXb4cXXcHmcPq-85-85.gif\" width=\"750\" align=\"absMiddle\" data-ks-lazyload=\"https://img.alicdn.com/imgextra/i2/602747469/O1CN01i4yCZf252qmCH4CTQ_!!602747469.jpg\" /><img class=\"\" src=\"//img.alicdn.com/tps/i4/T10B2IXb4cXXcHmcPq-85-85.gif\" width=\"750\" align=\"absMiddle\" data-ks-lazyload=\"https://img.alicdn.com/imgextra/i4/602747469/O1CN0118ZZth252qm7twRzP_!!602747469.jpg\" /><img class=\"\" src=\"//img.alicdn.com/tps/i4/T10B2IXb4cXXcHmcPq-85-85.gif\" width=\"750\" align=\"absMiddle\" data-ks-lazyload=\"https://img.alicdn.com/imgextra/i4/602747469/O1CN01PUVAhb252qm6NSQYs_!!602747469.jpg\" /><img class=\"\" src=\"//img.alicdn.com/tps/i4/T10B2IXb4cXXcHmcPq-85-85.gif\" width=\"750\" align=\"absMiddle\" data-ks-lazyload=\"https://img.alicdn.com/imgextra/i1/602747469/O1CN01qlKJOq252qm5OZJur_!!602747469.jpg\" /><img class=\"\" src=\"//img.alicdn.com/tps/i4/T10B2IXb4cXXcHmcPq-85-85.gif\" width=\"750\" align=\"absMiddle\" data-ks-lazyload=\"https://img.alicdn.com/imgextra/i4/602747469/O1CN01NBqp7Y252qm8C0aho_!!602747469.jpg\" /><img class=\"\" src=\"//img.alicdn.com/tps/i4/T10B2IXb4cXXcHmcPq-85-85.gif\" width=\"750\" align=\"absMiddle\" data-ks-lazyload=\"https://img.alicdn.com/imgextra/i1/602747469/O1CN01pkdcvM252qm5OWq5b_!!602747469.jpg\" /><img class=\"\" src=\"//img.alicdn.com/tps/i4/T10B2IXb4cXXcHmcPq-85-85.gif\" width=\"750\" align=\"absMiddle\" data-ks-lazyload=\"https://img.alicdn.com/imgextra/i1/602747469/O1CN01r5hzV3252qm5OXRX3_!!602747469.jpg\" /><img class=\"\" src=\"//img.alicdn.com/tps/i4/T10B2IXb4cXXcHmcPq-85-85.gif\" width=\"750\" align=\"absMiddle\" data-ks-lazyload=\"https://img.alicdn.com/imgextra/i1/602747469/O1CN01TXhfPU252qm8bvj8j_!!602747469.jpg\" /><img class=\"\" src=\"//img.alicdn.com/tps/i4/T10B2IXb4cXXcHmcPq-85-85.gif\" width=\"750\" align=\"absMiddle\" data-ks-lazyload=\"https://img.alicdn.com/imgextra/i2/602747469/O1CN01KUWDay252qm0oH3NK_!!602747469.jpg\" /><img class=\"\" src=\"//img.alicdn.com/tps/i4/T10B2IXb4cXXcHmcPq-85-85.gif\" width=\"750\" align=\"absMiddle\" data-ks-lazyload=\"https://img.alicdn.com/imgextra/i3/602747469/O1CN0196K7L0252qm8eZ88g_!!602747469.jpg\" /><img class=\"\" src=\"//img.alicdn.com/tps/i4/T10B2IXb4cXXcHmcPq-85-85.gif\" width=\"750\" align=\"absMiddle\" data-ks-lazyload=\"https://img.alicdn.com/imgextra/i1/602747469/O1CN01G8ri0w252qmBqY4We_!!602747469.jpg\" /><img class=\"\" src=\"//img.alicdn.com/tps/i4/T10B2IXb4cXXcHmcPq-85-85.gif\" width=\"750\" align=\"absMiddle\" data-ks-lazyload=\"https://img.alicdn.com/imgextra/i2/602747469/O1CN01qadLsG252qm9tgr5M_!!602747469.jpg\" /><img class=\"\" src=\"//img.alicdn.com/tps/i4/T10B2IXb4cXXcHmcPq-85-85.gif\" width=\"750\" align=\"absMiddle\" data-ks-lazyload=\"https://img.alicdn.com/imgextra/i2/602747469/O1CN01WssG4S252qmBMNdg2_!!602747469.jpg\" /><img class=\"\" src=\"//img.alicdn.com/tps/i4/T10B2IXb4cXXcHmcPq-85-85.gif\" width=\"750\" align=\"absMiddle\" data-ks-lazyload=\"https://img.alicdn.com/imgextra/i1/602747469/O1CN01i2w3xi252qm8TesGg_!!602747469.jpg\" /><img class=\"\" src=\"//img.alicdn.com/tps/i4/T10B2IXb4cXXcHmcPq-85-85.gif\" width=\"750\" align=\"absMiddle\" data-ks-lazyload=\"https://img.alicdn.com/imgextra/i3/602747469/O1CN017GP328252qm9LmKpM_!!602747469.jpg\" /><img class=\"\" src=\"//img.alicdn.com/tps/i4/T10B2IXb4cXXcHmcPq-85-85.gif\" width=\"750\" align=\"absMiddle\" data-ks-lazyload=\"https://img.alicdn.com/imgextra/i1/602747469/O1CN01FD2hbI252qm8eZfQn_!!602747469.jpg\" /><img class=\"\" src=\"//img.alicdn.com/tps/i4/T10B2IXb4cXXcHmcPq-85-85.gif\" width=\"750\" align=\"absMiddle\" data-ks-lazyload=\"https://img.alicdn.com/imgextra/i1/602747469/O1CN01hP7VN5252qm6ZhzLh_!!602747469.jpg\" /><img class=\"\" src=\"//img.alicdn.com/tps/i4/T10B2IXb4cXXcHmcPq-85-85.gif\" width=\"750\" align=\"absMiddle\" data-ks-lazyload=\"https://img.alicdn.com/imgextra/i2/602747469/O1CN01d0JKT8252qmCH7UDt_!!602747469.jpg\" /></p>\n<p><img id=\"desc-module-4\" class=\"desc_anchor\" src=\"//img.alicdn.com/tps/i4/T10B2IXb4cXXcHmcPq-85-85.gif\" width=\"1\" height=\"1\" data-ks-lazyload=\"https://img.alicdn.com/imgextra/i4/602747469/O1CN01Hc9VBy252qm8Tf8uK_!!602747469.gif\" /></p>\n<p><img class=\"\" src=\"//img.alicdn.com/tps/i4/T10B2IXb4cXXcHmcPq-85-85.gif\" width=\"750\" align=\"absMiddle\" data-ks-lazyload=\"https://img.alicdn.com/imgextra/i2/602747469/O1CN01PcbTN1252qm8Thl3F_!!602747469.jpg\" /><img class=\"\" src=\"//img.alicdn.com/tps/i4/T10B2IXb4cXXcHmcPq-85-85.gif\" width=\"750\" align=\"absMiddle\" data-ks-lazyload=\"https://img.alicdn.com/imgextra/i3/602747469/O1CN01GToKtX252qm8buvIO_!!602747469.jpg\" /><img class=\"\" src=\"//img.alicdn.com/tps/i4/T10B2IXb4cXXcHmcPq-85-85.gif\" width=\"750\" align=\"absMiddle\" data-ks-lazyload=\"https://img.alicdn.com/imgextra/i1/602747469/O1CN01J3J6SM252qmA4uZS8_!!602747469.jpg\" /></p>\n</div>\n</div>', 1, 1, 0, 0, 0, 5, '2020-11-26 06:50:58', NULL, NULL, '2020-07-30 11:38:38', '2021-01-31 11:21:09'),
(21, '1596109374321689430', '凉鞋女2020年夏季新款高跟罗马中跟粗跟网红ins潮仙女风百搭单鞋', 73, 'TB0053', 2, 0, 0, 0, 0, 0, 10, 28800, NULL, NULL, '<div id=\"J_DivItemDesc\" class=\"content\">\n<p><img style=\"max-width: 750.0px;\" src=\"https://img.alicdn.com/imgextra/i4/602747469/O1CN01upOHKH252qoqdDyom_!!602747469.jpg\" align=\"absmiddle\" data-spm-anchor-id=\"2013.1.0.i1.27aa36b6yTrCT6\" /><img style=\"max-width: 750.0px;\" src=\"https://img.alicdn.com/imgextra/i4/602747469/O1CN01MGpQSf252qot3qFkw_!!602747469.jpg\" align=\"absmiddle\" /><img style=\"max-width: 750.0px;\" src=\"https://img.alicdn.com/imgextra/i3/602747469/O1CN01tcqTSg252qotO3SBF_!!602747469.jpg\" align=\"absmiddle\" /><img style=\"max-width: 750.0px;\" src=\"https://img.alicdn.com/imgextra/i3/602747469/O1CN01aQp1fT252qoq1ews5_!!602747469.jpg\" align=\"absmiddle\" /><img class=\"\" style=\"max-width: 750.0px;\" src=\"https://img.alicdn.com/imgextra/i2/602747469/O1CN01ISP7s1252qogSEWXT_!!602747469.jpg\" align=\"absmiddle\" /><img class=\"\" style=\"max-width: 750.0px;\" src=\"https://img.alicdn.com/imgextra/i1/602747469/O1CN01Bwz0Ts252qoouk6gy_!!602747469.jpg\" align=\"absmiddle\" /><img class=\"\" style=\"max-width: 750.0px;\" src=\"https://img.alicdn.com/imgextra/i4/602747469/O1CN01GMvgax252qoq1eLT9_!!602747469.jpg\" align=\"absmiddle\" /><img class=\"\" style=\"max-width: 750.0px;\" src=\"https://img.alicdn.com/imgextra/i4/602747469/O1CN01vmbTaa252qop3n9c7_!!602747469.jpg\" align=\"absmiddle\" /><img class=\"\" style=\"max-width: 750.0px;\" src=\"https://img.alicdn.com/imgextra/i2/602747469/O1CN01O3Ntc8252qoqdDe22_!!602747469.jpg\" align=\"absmiddle\" /><img class=\"\" style=\"max-width: 750.0px;\" src=\"https://img.alicdn.com/imgextra/i3/602747469/O1CN01pjIW7Y252qoqdDRZV_!!602747469.jpg\" align=\"absmiddle\" /></p>\n<p><img src=\"https://dsshop.dswjcms.com/storage/image/good_details/MUI3S1608383369.jpg\" alt=\"\" width=\"499\" height=\"376\" /></p>\n</div>', 0, 1, 0, 0, 0, 5, NULL, NULL, NULL, '2020-07-30 11:42:54', '2021-02-05 14:54:58'),
(22, '1612063366370605270', '测试', 11, '2312312', 2, 1, 0, 0, 0, 0, 0, 300, NULL, NULL, '<p>3213123<img src=\"http://dsshop.test/storage/image/good_details/bk1sd1612063337.png\" /></p>', 1, 0, 0, 0, 0, 5, '2021-01-31 11:27:38', NULL, NULL, '2021-01-31 11:22:46', '2021-01-31 11:33:47'),
(23, '1612066881586234598', '凉鞋女2020年夏季新款高跟罗马中跟粗跟网红ins潮仙女风百搭单鞋', 53, 'TB001', 2, 0, 0, 0, 0, 0, 0, 300, NULL, NULL, '<p>213123</p>', 1, 0, 0, 0, 0, 5, '2021-01-31 12:21:21', NULL, NULL, '2021-01-31 12:21:21', '2021-01-31 12:24:28'),
(24, '1612067124905814494', '凉鞋女2020年夏季新款高跟罗马中跟粗跟网红ins潮仙女风百2搭单鞋', 73, 'TB0021', 2, 0, 0, 0, 0, 0, 0, 300, NULL, NULL, '<p>12312</p>', 1, 0, 0, 0, 0, 5, '2021-01-31 12:25:29', NULL, NULL, '2021-01-31 12:25:24', '2021-01-31 12:25:33');
INSERT INTO `good_skus` (`id`, `good_id`, `market_price`, `cost_price`, `price`, `inventory`, `product_sku`, `deleted_at`, `created_at`, `updated_at`) VALUES
(188, 21, 57600, 12800, 28800, 60, '[{\"key\":\"\\u5c3a\\u7801\",\"value\":\"33\"},{\"key\":\"\\u989c\\u8272\",\"value\":\"\\u767d\\u8272\"}]', NULL, '2020-11-26 06:50:42', '2020-11-26 06:50:42'),
(189, 21, 30000, 12800, 28800, 19, '[{\"key\":\"\\u5c3a\\u7801\",\"value\":\"34\"},{\"key\":\"\\u989c\\u8272\",\"value\":\"\\u767d\\u8272\"}]', NULL, '2020-11-26 06:50:42', '2020-11-26 06:50:42'),
(190, 20, 69600, 23400, 34800, 43, '[{\"key\":\"\\u5c3a\\u7801\",\"value\":\"33\"},{\"key\":\"\\u989c\\u8272\",\"value\":\"\\u767d\\u8272\"}]', NULL, '2020-11-26 06:50:58', '2021-01-04 09:50:28'),
(191, 19, 62800, 32400, 43900, 84, '[{\"key\":\"\\u5c3a\\u7801\",\"value\":\"33\"},{\"key\":\"\\u989c\\u8272\",\"value\":\"\\u767d\\u8272\"}]', NULL, '2020-11-26 06:51:12', '2021-01-08 16:56:15'),
(192, 18, 19900, 12700, 14900, 89, '[{\"key\":\"\\u5c3a\\u5bf8\",\"value\":\"155\\/58A\\/XS\"},{\"key\":\"\\u989c\\u8272\",\"value\":\"\\u767d\\u8272\"}]', NULL, '2020-11-26 07:00:42', '2020-12-29 16:55:43'),
(193, 17, 19900, 5900, 15900, 90, '[{\"key\":\"\\u5c3a\\u7801\",\"value\":\"24\"},{\"key\":\"\\u989c\\u8272\",\"value\":\"\\u767d\\u8272\"}]', NULL, '2020-11-26 07:00:59', '2020-12-30 22:57:16'),
(194, 16, 6700, 500, 1200, 86, '[{\"key\":\"\\u5c3a\\u7801\",\"value\":\"M\"},{\"key\":\"\\u989c\\u8272\",\"value\":\"\\u767d\\u8272\"}]', NULL, '2020-11-26 07:01:12', '2020-12-19 16:38:08'),
(195, 15, 9900, 1900, 2900, 89, '[{\"key\":\"\\u5c3a\\u7801\",\"value\":\"M\"},{\"key\":\"\\u989c\\u8272\",\"value\":\"\\u767d\\u8272\"}]', NULL, '2020-11-26 07:01:25', '2021-01-07 22:07:07'),
(196, 12, 36900, 4800, 21900, 89, '[{\"key\":\"\\u5c3a\\u7801\",\"value\":\"M\"},{\"key\":\"\\u989c\\u8272\",\"value\":\"\\u767d\\u8272\"}]', NULL, '2020-11-26 07:01:40', '2020-12-20 12:15:47'),
(197, 13, 7700, 2300, 3900, 91, '[{\"key\":\"\\u5c3a\\u7801\",\"value\":\"M\"},{\"key\":\"\\u989c\\u8272\\u5206\\u7c7b\",\"value\":\"\\u9ed1\\u8272\"}]', NULL, '2020-11-26 07:01:56', '2021-01-03 21:23:57'),
(198, 14, 78900, 13400, 38800, 36, '[{\"key\":\"\\u5c3a\\u7801\",\"value\":\"M\"},{\"key\":\"\\u989c\\u8272\",\"value\":\"\\u9ed1\\u8272\"}]', NULL, '2020-11-26 07:02:06', '2020-12-31 11:22:08'),
(199, 11, 59800, 8000, 10800, 99, '[{\"key\":\"\\u989c\\u8272\",\"value\":\"\\u8c79\\u7eb9\"},{\"key\":\"\\u5c3a\\u7801\",\"value\":\"M\"}]', NULL, '2020-11-26 07:02:20', '2020-11-26 07:02:20'),
(200, 10, 13800, 3400, 3900, 75, '[{\"key\":\"\\u5c3a\\u7801\",\"value\":\"M\"},{\"key\":\"\\u989c\\u8272\",\"value\":\"\\u674f\\u8272\"}]', NULL, '2020-11-26 07:03:16', '2020-11-26 07:03:16'),
(201, 10, 13800, 3400, 3900, 75, '[{\"key\":\"\\u5c3a\\u7801\",\"value\":\"L\"},{\"key\":\"\\u989c\\u8272\",\"value\":\"\\u674f\\u8272\"}]', NULL, '2020-11-26 07:03:16', '2020-11-26 07:03:16'),
(202, 10, 13800, 3400, 3900, 76, '[{\"key\":\"\\u5c3a\\u7801\",\"value\":\"XL\"},{\"key\":\"\\u989c\\u8272\",\"value\":\"\\u674f\\u8272\"}]', NULL, '2020-11-26 07:03:16', '2020-11-26 07:03:16'),
(203, 10, 13800, 3400, 3900, 75, '[{\"key\":\"\\u5c3a\\u7801\",\"value\":\"2XL\"},{\"key\":\"\\u989c\\u8272\",\"value\":\"\\u674f\\u8272\"}]', NULL, '2020-11-26 07:03:16', '2020-11-26 07:03:16'),
(204, 9, 15500, 3500, 3900, 45, '[{\"key\":\"\\u5c3a\\u7801\",\"value\":\"M\"},{\"key\":\"\\u989c\\u8272\",\"value\":\"\\u9ed1\"}]', NULL, '2020-11-26 07:03:29', '2020-11-26 07:03:29'),
(205, 9, 15500, 3500, 3900, 45, '[{\"key\":\"\\u5c3a\\u7801\",\"value\":\"M\"},{\"key\":\"\\u989c\\u8272\",\"value\":\"\\u767d\"}]', NULL, '2020-11-26 07:03:29', '2020-11-26 07:03:29'),
(206, 9, 15500, 3500, 3900, 45, '[{\"key\":\"\\u5c3a\\u7801\",\"value\":\"L\"},{\"key\":\"\\u989c\\u8272\",\"value\":\"\\u9ed1\"}]', NULL, '2020-11-26 07:03:29', '2020-11-26 07:03:29'),
(207, 9, 15500, 3500, 3900, 45, '[{\"key\":\"\\u5c3a\\u7801\",\"value\":\"L\"},{\"key\":\"\\u989c\\u8272\",\"value\":\"\\u767d\"}]', NULL, '2020-11-26 07:03:29', '2020-11-26 07:03:29'),
(208, 9, 15500, 3500, 3900, 45, '[{\"key\":\"\\u5c3a\\u7801\",\"value\":\"XL\"},{\"key\":\"\\u989c\\u8272\",\"value\":\"\\u9ed1\"}]', NULL, '2020-11-26 07:03:29', '2020-11-26 07:03:29'),
(209, 9, 15500, 3500, 3900, 45, '[{\"key\":\"\\u5c3a\\u7801\",\"value\":\"XL\"},{\"key\":\"\\u989c\\u8272\",\"value\":\"\\u767d\"}]', NULL, '2020-11-26 07:03:29', '2020-11-26 07:03:29'),
(210, 9, 15500, 3500, 3900, 44, '[{\"key\":\"\\u5c3a\\u7801\",\"value\":\"2XL\"},{\"key\":\"\\u989c\\u8272\",\"value\":\"\\u9ed1\"}]', NULL, '2020-11-26 07:03:29', '2020-11-26 07:03:29'),
(211, 9, 15500, 3500, 3900, 45, '[{\"key\":\"\\u5c3a\\u7801\",\"value\":\"2XL\"},{\"key\":\"\\u989c\\u8272\",\"value\":\"\\u767d\"}]', NULL, '2020-11-26 07:03:29', '2020-11-26 07:03:29'),
(212, 8, 30200, 3200, 3900, 68, '[{\"key\":\"\\u5c3a\\u7801\",\"value\":\"M\"},{\"key\":\"\\u989c\\u8272\",\"value\":\"\\u7ea2\"}]', NULL, '2020-11-26 07:03:48', '2020-11-26 07:03:48'),
(213, 8, 30200, 3200, 3900, 68, '[{\"key\":\"\\u5c3a\\u7801\",\"value\":\"M\"},{\"key\":\"\\u989c\\u8272\",\"value\":\"\\u84dd\"}]', NULL, '2020-11-26 07:03:48', '2020-11-26 07:03:48'),
(214, 8, 30200, 3200, 3900, 66, '[{\"key\":\"\\u5c3a\\u7801\",\"value\":\"L\"},{\"key\":\"\\u989c\\u8272\",\"value\":\"\\u7ea2\"}]', NULL, '2020-11-26 07:03:48', '2020-11-26 07:03:48'),
(215, 8, 30200, 3200, 3900, 67, '[{\"key\":\"\\u5c3a\\u7801\",\"value\":\"L\"},{\"key\":\"\\u989c\\u8272\",\"value\":\"\\u84dd\"}]', NULL, '2020-11-26 07:03:48', '2020-11-26 07:03:48'),
(216, 8, 30200, 3200, 3900, 68, '[{\"key\":\"\\u5c3a\\u7801\",\"value\":\"XL\"},{\"key\":\"\\u989c\\u8272\",\"value\":\"\\u7ea2\"}]', NULL, '2020-11-26 07:03:48', '2020-11-26 07:03:48'),
(217, 8, 30200, 3200, 3900, 66, '[{\"key\":\"\\u5c3a\\u7801\",\"value\":\"XL\"},{\"key\":\"\\u989c\\u8272\",\"value\":\"\\u84dd\"}]', NULL, '2020-11-26 07:03:48', '2020-11-26 07:03:48'),
(218, 8, 30200, 3200, 3900, 68, '[{\"key\":\"\\u5c3a\\u7801\",\"value\":\"2XL\"},{\"key\":\"\\u989c\\u8272\",\"value\":\"\\u7ea2\"}]', NULL, '2020-11-26 07:03:48', '2020-11-26 07:03:48'),
(219, 8, 30200, 3200, 3900, 67, '[{\"key\":\"\\u5c3a\\u7801\",\"value\":\"2XL\"},{\"key\":\"\\u989c\\u8272\",\"value\":\"\\u84dd\"}]', NULL, '2020-11-26 07:03:48', '2020-11-26 07:03:48'),
(220, 7, 13900, 3400, 3800, 55, '[{\"key\":\"\\u5c3a\\u5bf8\",\"value\":\"M\"},{\"key\":\"\\u989c\\u8272\",\"value\":\"\\u84dd\\u8272\"}]', NULL, '2020-11-26 07:04:03', '2020-11-26 07:04:03'),
(221, 7, 13900, 3400, 3800, 55, '[{\"key\":\"\\u5c3a\\u5bf8\",\"value\":\"M\"},{\"key\":\"\\u989c\\u8272\",\"value\":\"\\u767d\\u8272\"}]', NULL, '2020-11-26 07:04:03', '2020-11-26 07:04:03'),
(222, 7, 13900, 3400, 3800, 55, '[{\"key\":\"\\u5c3a\\u5bf8\",\"value\":\"L\"},{\"key\":\"\\u989c\\u8272\",\"value\":\"\\u84dd\\u8272\"}]', NULL, '2020-11-26 07:04:03', '2020-11-26 07:04:03'),
(223, 7, 13900, 3400, 3800, 55, '[{\"key\":\"\\u5c3a\\u5bf8\",\"value\":\"L\"},{\"key\":\"\\u989c\\u8272\",\"value\":\"\\u767d\\u8272\"}]', NULL, '2020-11-26 07:04:03', '2020-11-26 07:04:03'),
(224, 7, 13900, 3400, 3800, 55, '[{\"key\":\"\\u5c3a\\u5bf8\",\"value\":\"XL\"},{\"key\":\"\\u989c\\u8272\",\"value\":\"\\u84dd\\u8272\"}]', NULL, '2020-11-26 07:04:03', '2020-11-26 07:04:03'),
(225, 7, 13900, 3400, 3800, 55, '[{\"key\":\"\\u5c3a\\u5bf8\",\"value\":\"XL\"},{\"key\":\"\\u989c\\u8272\",\"value\":\"\\u767d\\u8272\"}]', NULL, '2020-11-26 07:04:03', '2020-11-26 07:04:03'),
(226, 7, 13900, 3400, 3800, 55, '[{\"key\":\"\\u5c3a\\u5bf8\",\"value\":\"2XL\"},{\"key\":\"\\u989c\\u8272\",\"value\":\"\\u84dd\\u8272\"}]', NULL, '2020-11-26 07:04:03', '2020-11-26 07:04:03'),
(227, 7, 13900, 3400, 3800, 54, '[{\"key\":\"\\u5c3a\\u5bf8\",\"value\":\"2XL\"},{\"key\":\"\\u989c\\u8272\",\"value\":\"\\u767d\\u8272\"}]', NULL, '2020-11-26 07:04:03', '2020-11-26 07:04:03'),
(228, 6, 13800, 3000, 3900, 65, '[{\"key\":\"\\u5c3a\\u7801\",\"value\":\"M\"},{\"key\":\"\\u989c\\u8272\",\"value\":\"\\u5361\\u5176\"}]', NULL, '2020-11-26 07:04:17', '2021-01-03 20:45:51'),
(229, 6, 13800, 3000, 3900, 66, '[{\"key\":\"\\u5c3a\\u7801\",\"value\":\"M\"},{\"key\":\"\\u989c\\u8272\",\"value\":\"\\u7070\\u8272\"}]', NULL, '2020-11-26 07:04:17', '2020-11-26 07:04:17'),
(230, 6, 13800, 3000, 3900, 66, '[{\"key\":\"\\u5c3a\\u7801\",\"value\":\"M\"},{\"key\":\"\\u989c\\u8272\",\"value\":\"\\u767d\\u8272\"}]', NULL, '2020-11-26 07:04:17', '2020-11-26 07:04:17'),
(231, 6, 13800, 3000, 3900, 66, '[{\"key\":\"\\u5c3a\\u7801\",\"value\":\"M\"},{\"key\":\"\\u989c\\u8272\",\"value\":\"\\u674f\\u8272\"}]', NULL, '2020-11-26 07:04:17', '2020-11-26 07:04:17'),
(232, 6, 13800, 3000, 3900, 66, '[{\"key\":\"\\u5c3a\\u7801\",\"value\":\"L\"},{\"key\":\"\\u989c\\u8272\",\"value\":\"\\u5361\\u5176\"}]', NULL, '2020-11-26 07:04:17', '2020-11-26 07:04:17'),
(233, 6, 13800, 3000, 3900, 66, '[{\"key\":\"\\u5c3a\\u7801\",\"value\":\"L\"},{\"key\":\"\\u989c\\u8272\",\"value\":\"\\u7070\\u8272\"}]', NULL, '2020-11-26 07:04:17', '2020-11-26 07:04:17'),
(234, 6, 13800, 3000, 3900, 66, '[{\"key\":\"\\u5c3a\\u7801\",\"value\":\"L\"},{\"key\":\"\\u989c\\u8272\",\"value\":\"\\u767d\\u8272\"}]', NULL, '2020-11-26 07:04:17', '2020-11-26 07:04:17'),
(235, 6, 13800, 3000, 3900, 66, '[{\"key\":\"\\u5c3a\\u7801\",\"value\":\"L\"},{\"key\":\"\\u989c\\u8272\",\"value\":\"\\u674f\\u8272\"}]', NULL, '2020-11-26 07:04:17', '2020-11-26 07:04:17'),
(236, 6, 13800, 3000, 3900, 66, '[{\"key\":\"\\u5c3a\\u7801\",\"value\":\"XL\"},{\"key\":\"\\u989c\\u8272\",\"value\":\"\\u5361\\u5176\"}]', NULL, '2020-11-26 07:04:17', '2020-11-26 07:04:17'),
(237, 6, 13800, 3000, 3900, 66, '[{\"key\":\"\\u5c3a\\u7801\",\"value\":\"XL\"},{\"key\":\"\\u989c\\u8272\",\"value\":\"\\u7070\\u8272\"}]', NULL, '2020-11-26 07:04:17', '2020-11-26 07:04:17'),
(238, 6, 13800, 3000, 3900, 66, '[{\"key\":\"\\u5c3a\\u7801\",\"value\":\"XL\"},{\"key\":\"\\u989c\\u8272\",\"value\":\"\\u767d\\u8272\"}]', NULL, '2020-11-26 07:04:17', '2020-11-26 07:04:17'),
(239, 6, 13800, 3000, 3900, 66, '[{\"key\":\"\\u5c3a\\u7801\",\"value\":\"XL\"},{\"key\":\"\\u989c\\u8272\",\"value\":\"\\u674f\\u8272\"}]', NULL, '2020-11-26 07:04:17', '2020-11-26 07:04:17'),
(240, 6, 13800, 3000, 3900, 66, '[{\"key\":\"\\u5c3a\\u7801\",\"value\":\"2XL\"},{\"key\":\"\\u989c\\u8272\",\"value\":\"\\u5361\\u5176\"}]', NULL, '2020-11-26 07:04:17', '2020-11-26 07:04:17'),
(241, 6, 13800, 3000, 3900, 66, '[{\"key\":\"\\u5c3a\\u7801\",\"value\":\"2XL\"},{\"key\":\"\\u989c\\u8272\",\"value\":\"\\u7070\\u8272\"}]', NULL, '2020-11-26 07:04:17', '2020-11-26 07:04:17'),
(242, 6, 13800, 3000, 3900, 66, '[{\"key\":\"\\u5c3a\\u7801\",\"value\":\"2XL\"},{\"key\":\"\\u989c\\u8272\",\"value\":\"\\u767d\\u8272\"}]', NULL, '2020-11-26 07:04:17', '2020-11-26 07:04:17'),
(243, 6, 13800, 3000, 3900, 66, '[{\"key\":\"\\u5c3a\\u7801\",\"value\":\"2XL\"},{\"key\":\"\\u989c\\u8272\",\"value\":\"\\u674f\\u8272\"}]', NULL, '2020-11-26 07:04:17', '2020-11-26 07:04:17'),
(244, 6, 13800, 3000, 3900, 66, '[{\"key\":\"\\u5c3a\\u7801\",\"value\":\"3XL\"},{\"key\":\"\\u989c\\u8272\",\"value\":\"\\u5361\\u5176\"}]', NULL, '2020-11-26 07:04:17', '2020-11-26 07:04:17'),
(245, 6, 13800, 3000, 3900, 66, '[{\"key\":\"\\u5c3a\\u7801\",\"value\":\"3XL\"},{\"key\":\"\\u989c\\u8272\",\"value\":\"\\u7070\\u8272\"}]', NULL, '2020-11-26 07:04:17', '2020-11-26 07:04:17'),
(246, 6, 13800, 3000, 3900, 66, '[{\"key\":\"\\u5c3a\\u7801\",\"value\":\"3XL\"},{\"key\":\"\\u989c\\u8272\",\"value\":\"\\u767d\\u8272\"}]', NULL, '2020-11-26 07:04:17', '2020-11-26 07:04:17'),
(247, 6, 13800, 3000, 3900, 66, '[{\"key\":\"\\u5c3a\\u7801\",\"value\":\"3XL\"},{\"key\":\"\\u989c\\u8272\",\"value\":\"\\u674f\\u8272\"}]', NULL, '2020-11-26 07:04:17', '2020-11-26 07:04:17'),
(248, 6, 13800, 3000, 3900, 66, '[{\"key\":\"\\u5c3a\\u7801\",\"value\":\"4XL\"},{\"key\":\"\\u989c\\u8272\",\"value\":\"\\u5361\\u5176\"}]', NULL, '2020-11-26 07:04:17', '2020-11-26 07:04:17'),
(249, 6, 13800, 3000, 3900, 66, '[{\"key\":\"\\u5c3a\\u7801\",\"value\":\"4XL\"},{\"key\":\"\\u989c\\u8272\",\"value\":\"\\u7070\\u8272\"}]', NULL, '2020-11-26 07:04:17', '2020-11-26 07:04:17'),
(250, 6, 13800, 3000, 3900, 66, '[{\"key\":\"\\u5c3a\\u7801\",\"value\":\"4XL\"},{\"key\":\"\\u989c\\u8272\",\"value\":\"\\u767d\\u8272\"}]', NULL, '2020-11-26 07:04:17', '2020-11-26 07:04:17'),
(251, 6, 13800, 3000, 3900, 66, '[{\"key\":\"\\u5c3a\\u7801\",\"value\":\"4XL\"},{\"key\":\"\\u989c\\u8272\",\"value\":\"\\u674f\\u8272\"}]', NULL, '2020-11-26 07:04:17', '2020-11-26 07:04:17'),
(252, 5, 16900, 16900, 16900, 88, '[{\"key\":\"\\u5c3a\\u7801\",\"value\":\"S\"},{\"key\":\"\\u989c\\u8272\",\"value\":\"\\u767d\\u8272\"}]', NULL, '2020-11-26 07:04:36', '2020-11-26 07:04:36'),
(253, 5, 16900, 16900, 16900, 88, '[{\"key\":\"\\u5c3a\\u7801\",\"value\":\"S\"},{\"key\":\"\\u989c\\u8272\",\"value\":\"\\u84dd\\u8272\"}]', NULL, '2020-11-26 07:04:36', '2020-11-26 07:04:36'),
(254, 5, 16900, 16900, 16900, 88, '[{\"key\":\"\\u5c3a\\u7801\",\"value\":\"S\"},{\"key\":\"\\u989c\\u8272\",\"value\":\"\\u7eff\\u8272\"}]', NULL, '2020-11-26 07:04:36', '2020-11-26 07:04:36'),
(255, 5, 16900, 16900, 16900, 88, '[{\"key\":\"\\u5c3a\\u7801\",\"value\":\"M\"},{\"key\":\"\\u989c\\u8272\",\"value\":\"\\u767d\\u8272\"}]', NULL, '2020-11-26 07:04:36', '2020-11-26 07:04:36'),
(256, 5, 16900, 16900, 16900, 88, '[{\"key\":\"\\u5c3a\\u7801\",\"value\":\"M\"},{\"key\":\"\\u989c\\u8272\",\"value\":\"\\u84dd\\u8272\"}]', NULL, '2020-11-26 07:04:36', '2020-11-26 07:04:36'),
(257, 5, 16900, 16900, 16900, 88, '[{\"key\":\"\\u5c3a\\u7801\",\"value\":\"M\"},{\"key\":\"\\u989c\\u8272\",\"value\":\"\\u7eff\\u8272\"}]', NULL, '2020-11-26 07:04:36', '2020-11-26 07:04:36'),
(258, 5, 16900, 16900, 16900, 88, '[{\"key\":\"\\u5c3a\\u7801\",\"value\":\"L\"},{\"key\":\"\\u989c\\u8272\",\"value\":\"\\u767d\\u8272\"}]', NULL, '2020-11-26 07:04:36', '2020-11-26 07:04:36'),
(259, 5, 16900, 16900, 16900, 88, '[{\"key\":\"\\u5c3a\\u7801\",\"value\":\"L\"},{\"key\":\"\\u989c\\u8272\",\"value\":\"\\u84dd\\u8272\"}]', NULL, '2020-11-26 07:04:36', '2020-11-26 07:04:36'),
(260, 5, 16900, 16900, 16900, 88, '[{\"key\":\"\\u5c3a\\u7801\",\"value\":\"L\"},{\"key\":\"\\u989c\\u8272\",\"value\":\"\\u7eff\\u8272\"}]', NULL, '2020-11-26 07:04:36', '2020-11-26 07:04:36'),
(261, 5, 16900, 16900, 16900, 88, '[{\"key\":\"\\u5c3a\\u7801\",\"value\":\"XL\"},{\"key\":\"\\u989c\\u8272\",\"value\":\"\\u767d\\u8272\"}]', NULL, '2020-11-26 07:04:36', '2020-11-26 07:04:36'),
(262, 5, 16900, 16900, 16900, 88, '[{\"key\":\"\\u5c3a\\u7801\",\"value\":\"XL\"},{\"key\":\"\\u989c\\u8272\",\"value\":\"\\u84dd\\u8272\"}]', NULL, '2020-11-26 07:04:36', '2020-11-26 07:04:36'),
(263, 5, 16900, 16900, 16900, 88, '[{\"key\":\"\\u5c3a\\u7801\",\"value\":\"XL\"},{\"key\":\"\\u989c\\u8272\",\"value\":\"\\u7eff\\u8272\"}]', NULL, '2020-11-26 07:04:36', '2020-11-26 07:04:36'),
(264, 5, 16900, 16900, 16900, 88, '[{\"key\":\"\\u5c3a\\u7801\",\"value\":\"2XL\"},{\"key\":\"\\u989c\\u8272\",\"value\":\"\\u767d\\u8272\"}]', NULL, '2020-11-26 07:04:36', '2020-11-26 07:04:36'),
(265, 5, 16900, 16900, 16900, 88, '[{\"key\":\"\\u5c3a\\u7801\",\"value\":\"2XL\"},{\"key\":\"\\u989c\\u8272\",\"value\":\"\\u84dd\\u8272\"}]', NULL, '2020-11-26 07:04:36', '2020-11-26 07:04:36'),
(266, 5, 16900, 16900, 16900, 88, '[{\"key\":\"\\u5c3a\\u7801\",\"value\":\"2XL\"},{\"key\":\"\\u989c\\u8272\",\"value\":\"\\u7eff\\u8272\"}]', NULL, '2020-11-26 07:04:36', '2020-11-26 07:04:36'),
(267, 4, 14900, 14900, 14900, 82, '[{\"key\":\"\\u5c3a\\u7801\",\"value\":\"M\"},{\"key\":\"\\u989c\\u8272\",\"value\":\"\\u767d\\u8272\"}]', NULL, '2020-11-26 07:04:55', '2021-02-05 13:02:50'),
(268, 4, 14900, 14900, 14900, 98, '[{\"key\":\"\\u5c3a\\u7801\",\"value\":\"L\"},{\"key\":\"\\u989c\\u8272\",\"value\":\"\\u767d\\u8272\"}]', NULL, '2020-11-26 07:04:55', '2020-11-26 07:04:55'),
(269, 4, 14900, 14900, 14900, 0, '[{\"key\":\"\\u5c3a\\u7801\",\"value\":\"XL\"},{\"key\":\"\\u989c\\u8272\",\"value\":\"\\u767d\\u8272\"}]', NULL, '2020-11-26 07:04:55', '2020-11-26 07:04:55'),
(270, 4, 14900, 14900, 14900, 98, '[{\"key\":\"\\u5c3a\\u7801\",\"value\":\"2XL\"},{\"key\":\"\\u989c\\u8272\",\"value\":\"\\u767d\\u8272\"}]', NULL, '2020-11-26 07:04:55', '2020-12-10 14:00:45'),
(271, 22, 200, 100, 300, 4, '[{\"key\":\"\\u5c3a\\u5bf8\",\"value\":\"x\"}]', NULL, '2021-01-31 11:22:46', '2021-01-31 11:22:46'),
(272, 22, 300, 200, 400, 5, '[{\"key\":\"\\u5c3a\\u5bf8\",\"value\":\"xl\"}]', NULL, '2021-01-31 11:22:46', '2021-01-31 11:22:46'),
(273, 23, 200, 100, 300, 4, '[{\"key\":\"\\u5c3a\\u5bf8\",\"value\":\"xl\"}]', NULL, '2021-01-31 12:21:21', '2021-01-31 12:21:21'),
(274, 24, 200, 100, 300, 4, '[{\"key\":\"\\u5c3a\\u5bf8\",\"value\":\"xl\"}]', NULL, '2021-01-31 12:25:25', '2021-01-31 12:25:25');
INSERT INTO `good_specifications` (`id`, `good_id`, `specification_id`, `data`, `created_at`, `updated_at`) VALUES
(8, 4, 1, NULL, '2020-04-24 12:13:22', '2020-04-24 12:13:22'),
(9, 4, 2, NULL, '2020-04-24 12:13:22', '2020-04-24 12:13:22'),
(10, 4, 3, NULL, '2020-04-24 12:13:22', '2020-04-24 12:13:22'),
(11, 4, 4, NULL, '2020-04-24 12:13:22', '2020-04-24 12:13:22'),
(12, 4, 5, NULL, '2020-04-24 12:13:22', '2020-04-24 12:13:22'),
(13, 4, 6, NULL, '2020-04-24 12:13:22', '2020-04-24 12:13:22'),
(14, 4, 7, NULL, '2020-04-24 12:13:22', '2020-04-24 12:13:22'),
(15, 5, 1, NULL, '2020-04-24 12:18:09', '2020-04-24 12:18:09'),
(16, 5, 2, NULL, '2020-04-24 12:18:09', '2020-04-24 12:18:09'),
(17, 5, 3, NULL, '2020-04-24 12:18:09', '2020-04-24 12:18:09'),
(18, 5, 4, NULL, '2020-04-24 12:18:09', '2020-04-24 12:18:09'),
(19, 5, 5, NULL, '2020-04-24 12:18:09', '2020-04-24 12:18:09'),
(20, 5, 6, NULL, '2020-04-24 12:18:09', '2020-04-24 12:18:09'),
(21, 5, 7, NULL, '2020-04-24 12:18:09', '2020-04-24 12:18:09'),
(22, 10, 1, NULL, '2020-07-01 14:14:43', '2020-07-01 14:14:43'),
(23, 10, 2, NULL, '2020-07-01 14:14:43', '2020-07-01 14:14:43'),
(24, 10, 3, NULL, '2020-07-01 14:14:43', '2020-07-01 14:14:43'),
(25, 10, 4, NULL, '2020-07-01 14:14:43', '2020-07-01 14:14:43'),
(26, 10, 5, NULL, '2020-07-01 14:14:43', '2020-07-01 14:14:43'),
(27, 10, 6, NULL, '2020-07-01 14:14:43', '2020-07-01 14:14:43'),
(28, 10, 7, NULL, '2020-07-01 14:14:43', '2020-07-01 14:14:43'),
(29, 6, 1, NULL, '2020-07-13 20:21:58', '2020-07-13 20:21:58'),
(30, 6, 2, NULL, '2020-07-13 20:21:58', '2020-07-13 20:21:58'),
(31, 6, 3, NULL, '2020-07-13 20:21:58', '2020-07-13 20:21:58'),
(32, 6, 4, NULL, '2020-07-13 20:21:58', '2020-07-13 20:21:58'),
(33, 6, 5, NULL, '2020-07-13 20:21:58', '2020-07-13 20:21:58'),
(34, 7, 1, NULL, '2020-07-13 20:25:17', '2020-07-13 20:25:17'),
(35, 7, 2, NULL, '2020-07-13 20:25:17', '2020-07-13 20:25:17'),
(36, 7, 3, NULL, '2020-07-13 20:25:17', '2020-07-13 20:25:17'),
(37, 7, 4, NULL, '2020-07-13 20:25:17', '2020-07-13 20:25:17'),
(38, 7, 5, NULL, '2020-07-13 20:25:17', '2020-07-13 20:25:17'),
(39, 8, 1, NULL, '2020-07-13 20:28:33', '2020-07-13 20:28:33'),
(40, 8, 2, NULL, '2020-07-13 20:28:33', '2020-07-13 20:28:33'),
(41, 8, 3, NULL, '2020-07-13 20:28:33', '2020-07-13 20:28:33'),
(42, 8, 4, NULL, '2020-07-13 20:28:33', '2020-07-13 20:28:33'),
(43, 8, 5, NULL, '2020-07-13 20:28:33', '2020-07-13 20:28:33'),
(44, 9, 1, NULL, '2020-07-13 20:33:52', '2020-07-13 20:33:52'),
(45, 9, 2, NULL, '2020-07-13 20:33:52', '2020-07-13 20:33:52'),
(46, 9, 3, NULL, '2020-07-13 20:33:52', '2020-07-13 20:33:52'),
(47, 9, 4, NULL, '2020-07-13 20:33:52', '2020-07-13 20:33:52'),
(48, 9, 5, NULL, '2020-07-13 20:33:52', '2020-07-13 20:33:52'),
(49, 22, 1, NULL, '2021-01-31 11:22:46', '2021-01-31 11:22:46'),
(50, 22, 2, NULL, '2021-01-31 11:22:46', '2021-01-31 11:22:46'),
(51, 22, 3, NULL, '2021-01-31 11:22:46', '2021-01-31 11:22:46'),
(52, 22, 4, NULL, '2021-01-31 11:22:46', '2021-01-31 11:22:46'),
(53, 22, 5, NULL, '2021-01-31 11:22:46', '2021-01-31 11:22:46');
INSERT INTO `resources` (`id`, `type`, `depict`, `img`, `image_id`, `image_type`, `created_at`, `updated_at`) VALUES
(15, 1, 'goods_4_zimg', 'https://dsshop.dswjcms.com/storage/image/good/3Vt8L1606374292.jpg', 4, 'App\\Models\\v1\\Good', '2020-04-24 12:13:22', '2020-11-26 07:04:55'),
(24, 1, 'goods_5_zimg', 'https://dsshop.dswjcms.com/storage/image/good/YaNmz1606374273.jpg', 5, 'App\\Models\\v1\\Good', '2020-04-24 12:18:09', '2020-11-26 07:04:36'),
(28, 1, 'goods_6_zimg', 'https://dsshop.dswjcms.com/storage/image/good/vfHQn1606374254.jpg', 6, 'App\\Models\\v1\\Good', '2020-04-24 12:32:54', '2020-11-26 07:04:17'),
(32, 1, 'goods_7_zimg', 'https://dsshop.dswjcms.com/storage/image/good/MZZXe1606374240.jpg', 7, 'App\\Models\\v1\\Good', '2020-04-24 12:37:46', '2020-11-26 07:04:03'),
(38, 1, 'goods_8_zimg', 'https://dsshop.dswjcms.com/storage/image/good/hC8Cc1606374224.jpg', 8, 'App\\Models\\v1\\Good', '2020-04-24 12:42:19', '2020-11-26 07:03:48'),
(39, 1, 'goods_9_zimg', 'https://dsshop.dswjcms.com/storage/image/good/BVXvA1606374207.jpg', 9, 'App\\Models\\v1\\Good', '2020-04-24 13:01:01', '2020-11-26 07:03:29'),
(66, 1, 'goods_10_zimg', 'https://dsshop.dswjcms.com/storage/image/good/DqWIc1606374193.jpg', 10, 'App\\Models\\v1\\Good', '2020-05-22 12:07:32', '2020-11-26 07:03:16'),
(70, 1, 'category_11', 'https://dsshop.dswjcms.com/storage/image/category/mpSvx1606374342.png', 11, 'App\\Models\\v1\\Category', '2020-07-13 14:52:50', '2020-11-26 07:05:45'),
(71, 1, 'category_12', 'https://dsshop.dswjcms.com/storage/image/category/BxjTc1606374361.png', 12, 'App\\Models\\v1\\Category', '2020-07-13 14:54:15', '2020-11-26 07:06:05'),
(72, 1, 'category_13', 'https://dsshop.dswjcms.com/storage/image/category/55twm1606374372.png', 13, 'App\\Models\\v1\\Category', '2020-07-13 14:55:07', '2020-11-26 07:06:14'),
(73, 1, 'category_14', 'https://dsshop.dswjcms.com/storage/image/category/yn5FE1606374384.png', 14, 'App\\Models\\v1\\Category', '2020-07-13 14:56:05', '2020-11-26 07:06:26'),
(74, 1, 'category_15', 'https://dsshop.dswjcms.com/storage/image/category/2fzpH1606374397.png', 15, 'App\\Models\\v1\\Category', '2020-07-13 14:59:16', '2020-11-26 07:06:39'),
(75, 1, 'category_16', 'https://dsshop.dswjcms.com/storage/image/category/W7s7z1606374407.png', 16, 'App\\Models\\v1\\Category', '2020-07-13 15:00:38', '2020-11-26 07:06:50'),
(76, 1, 'category_17', 'https://dsshop.dswjcms.com/storage/image/category/Dy06q1606374425.png', 17, 'App\\Models\\v1\\Category', '2020-07-13 15:01:31', '2020-11-26 07:07:08'),
(77, 1, 'category_18', 'https://dsshop.dswjcms.com/storage/image/category/Imoau1606374445.png', 18, 'App\\Models\\v1\\Category', '2020-07-13 15:02:50', '2020-11-26 07:07:27'),
(78, 1, 'category_19', 'https://dsshop.dswjcms.com/storage/image/category/TboJA1606374454.png', 19, 'App\\Models\\v1\\Category', '2020-07-13 15:06:22', '2020-11-26 07:07:37'),
(79, 1, 'category_20', 'https://dsshop.dswjcms.com/storage/image/category/nQNqh1606374465.png', 20, 'App\\Models\\v1\\Category', '2020-07-13 15:07:33', '2020-11-26 07:07:48'),
(80, 1, 'category_21', 'https://dsshop.dswjcms.com/storage/image/category/6hw6n1606374479.png', 21, 'App\\Models\\v1\\Category', '2020-07-13 15:08:21', '2020-11-26 07:08:01'),
(81, 1, 'category_22', 'https://dsshop.dswjcms.com/storage/image/category/ieuDq1606374487.png', 22, 'App\\Models\\v1\\Category', '2020-07-13 15:09:05', '2020-11-26 07:08:09'),
(82, 1, 'category_23', 'https://dsshop.dswjcms.com/storage/image/category/wnhQa1606374496.png', 23, 'App\\Models\\v1\\Category', '2020-07-13 15:09:57', '2020-11-26 07:08:18'),
(83, 1, 'category_24', 'https://dsshop.dswjcms.com/storage/image/category/A9bdB1606374517.png', 24, 'App\\Models\\v1\\Category', '2020-07-13 15:11:03', '2020-11-26 07:08:40'),
(84, 1, 'category_25', 'https://dsshop.dswjcms.com/storage/image/category/m1VGZ1606374528.png', 25, 'App\\Models\\v1\\Category', '2020-07-13 15:12:26', '2020-11-26 07:08:51'),
(85, 1, 'category_26', 'https://dsshop.dswjcms.com/storage/image/category/Pi4mO1606374545.png', 26, 'App\\Models\\v1\\Category', '2020-07-13 15:13:16', '2020-11-26 07:09:08'),
(86, 1, 'category_27', 'https://dsshop.dswjcms.com/storage/image/category/kkiu21606374562.png', 27, 'App\\Models\\v1\\Category', '2020-07-13 15:13:55', '2020-11-26 07:09:24'),
(87, 1, 'category_28', 'https://dsshop.dswjcms.com/storage/image/category/KstfX1606374571.png', 28, 'App\\Models\\v1\\Category', '2020-07-13 15:15:21', '2020-11-26 07:09:33'),
(88, 1, 'category_29', 'https://dsshop.dswjcms.com/storage/image/category/5XP8I1606374582.png', 29, 'App\\Models\\v1\\Category', '2020-07-13 15:15:54', '2020-11-26 07:09:44'),
(89, 1, 'category_30', 'https://dsshop.dswjcms.com/storage/image/category/61q8o1606374716.png', 30, 'App\\Models\\v1\\Category', '2020-07-13 15:16:40', '2020-11-26 07:11:58'),
(90, 1, 'category_31', 'https://dsshop.dswjcms.com/storage/image/category/rXLJh1606374730.png', 31, 'App\\Models\\v1\\Category', '2020-07-13 15:17:11', '2020-11-26 07:12:12'),
(91, 1, 'category_32', 'https://dsshop.dswjcms.com/storage/image/category/ah0yh1606374740.png', 32, 'App\\Models\\v1\\Category', '2020-07-13 15:17:55', '2020-11-26 07:12:21'),
(92, 1, 'category_33', 'https://dsshop.dswjcms.com/storage/image/category/yzRpR1606374768.png', 33, 'App\\Models\\v1\\Category', '2020-07-13 15:18:30', '2020-11-26 07:12:50'),
(93, 1, 'category_34', 'https://dsshop.dswjcms.com/storage/image/category/uRo4G1606374779.png', 34, 'App\\Models\\v1\\Category', '2020-07-13 15:19:02', '2020-11-26 07:13:01'),
(94, 1, 'category_35', 'https://dsshop.dswjcms.com/storage/image/category/mcWpZ1606374796.png', 35, 'App\\Models\\v1\\Category', '2020-07-13 15:19:41', '2020-11-26 07:13:18'),
(95, 1, 'category_36', 'https://dsshop.dswjcms.com/storage/image/category/d01TO1606374813.png', 36, 'App\\Models\\v1\\Category', '2020-07-13 15:20:13', '2020-11-26 07:13:35'),
(96, 1, 'category_37', 'https://dsshop.dswjcms.com/storage/image/category/bs5EI1606374873.png', 37, 'App\\Models\\v1\\Category', '2020-07-13 15:20:50', '2020-11-26 07:14:35'),
(97, 1, 'category_38', 'https://dsshop.dswjcms.com/storage/image/category/93KWI1606374886.png', 38, 'App\\Models\\v1\\Category', '2020-07-13 15:21:21', '2020-11-26 07:14:48'),
(98, 1, 'category_39', 'https://dsshop.dswjcms.com/storage/image/category/TNJ7d1606374900.png', 39, 'App\\Models\\v1\\Category', '2020-07-13 15:21:53', '2020-11-26 07:15:02'),
(99, 1, 'category_40', 'https://dsshop.dswjcms.com/storage/image/category/Ftri71606374913.png', 40, 'App\\Models\\v1\\Category', '2020-07-13 15:22:28', '2020-11-26 07:15:16'),
(100, 1, 'category_41', 'https://dsshop.dswjcms.com/storage/image/category/YHgTi1606374927.png', 41, 'App\\Models\\v1\\Category', '2020-07-13 15:23:15', '2020-11-26 07:15:29'),
(101, 1, 'category_42', 'https://dsshop.dswjcms.com/storage/image/category/WR6sc1606374941.png', 42, 'App\\Models\\v1\\Category', '2020-07-13 15:23:51', '2020-11-26 07:15:43'),
(102, 1, 'category_43', 'https://dsshop.dswjcms.com/storage/image/category/lh4DH1606374956.png', 43, 'App\\Models\\v1\\Category', '2020-07-13 15:24:23', '2020-11-26 07:15:58'),
(103, 1, 'category_44', 'https://dsshop.dswjcms.com/storage/image/category/ae6Oj1606374968.png', 44, 'App\\Models\\v1\\Category', '2020-07-13 15:25:17', '2020-11-26 07:16:10'),
(104, 1, 'category_45', 'https://dsshop.dswjcms.com/storage/image/category/zR3VU1606374983.png', 45, 'App\\Models\\v1\\Category', '2020-07-13 15:25:51', '2020-11-26 07:16:25'),
(105, 1, 'category_46', 'https://dsshop.dswjcms.com/storage/image/category/ruvLy1606375005.png', 46, 'App\\Models\\v1\\Category', '2020-07-13 15:26:20', '2020-11-26 07:16:47'),
(106, 1, 'category_47', 'https://dsshop.dswjcms.com/storage/image/category/lDECB1606375021.png', 47, 'App\\Models\\v1\\Category', '2020-07-13 15:26:51', '2020-11-26 07:17:03'),
(107, 1, 'category_48', 'https://dsshop.dswjcms.com/storage/image/category/cdXxw1606375032.png', 48, 'App\\Models\\v1\\Category', '2020-07-13 15:27:31', '2020-11-26 07:17:15'),
(108, 1, 'category_53', 'https://dsshop.dswjcms.com/storage/image/category/Ncdvt1606375053.png', 53, 'App\\Models\\v1\\Category', '2020-07-13 15:41:10', '2020-11-26 07:17:36'),
(109, 1, 'category_54', 'https://dsshop.dswjcms.com/storage/image/category/1XvBV1606375064.png', 54, 'App\\Models\\v1\\Category', '2020-07-13 15:41:53', '2020-11-26 07:17:47'),
(110, 1, 'category_55', 'https://dsshop.dswjcms.com/storage/image/category/3QQNt1606375074.png', 55, 'App\\Models\\v1\\Category', '2020-07-13 15:42:28', '2020-11-26 07:17:56'),
(111, 1, 'category_65', 'https://dsshop.dswjcms.com/storage/image/category/rpuxK1606375087.png', 65, 'App\\Models\\v1\\Category', '2020-07-13 15:43:15', '2020-11-26 07:18:09'),
(112, 1, 'category_66', 'https://dsshop.dswjcms.com/storage/image/category/ryxTm1606375101.png', 66, 'App\\Models\\v1\\Category', '2020-07-13 15:43:58', '2020-11-26 07:18:23'),
(113, 1, 'category_67', 'https://dsshop.dswjcms.com/storage/image/category/M5VMD1606375112.png', 67, 'App\\Models\\v1\\Category', '2020-07-13 15:44:35', '2020-11-26 07:18:34'),
(114, 1, 'category_56', 'https://dsshop.dswjcms.com/storage/image/category/kFijO1606375133.png', 56, 'App\\Models\\v1\\Category', '2020-07-13 15:45:06', '2020-11-26 07:18:55'),
(115, 1, 'category_57', 'https://dsshop.dswjcms.com/storage/image/category/qrWx81606375159.png', 57, 'App\\Models\\v1\\Category', '2020-07-13 15:45:46', '2020-11-26 07:19:21'),
(116, 1, 'category_58', 'https://dsshop.dswjcms.com/storage/image/category/1omur1606375171.png', 58, 'App\\Models\\v1\\Category', '2020-07-13 15:46:22', '2020-11-26 07:19:34'),
(117, 1, 'category_59', 'https://dsshop.dswjcms.com/storage/image/category/7xQXI1606375202.png', 59, 'App\\Models\\v1\\Category', '2020-07-13 15:46:51', '2020-11-26 07:20:04'),
(118, 1, 'category_60', 'https://dsshop.dswjcms.com/storage/image/category/gSh0W1606375215.png', 60, 'App\\Models\\v1\\Category', '2020-07-13 15:47:20', '2020-11-26 07:20:17'),
(119, 1, 'category_61', 'https://dsshop.dswjcms.com/storage/image/category/63Z2H1606375227.png', 61, 'App\\Models\\v1\\Category', '2020-07-13 15:48:04', '2020-11-26 07:20:29'),
(120, 1, 'category_62', 'https://dsshop.dswjcms.com/storage/image/category/uaLg71606375237.png', 62, 'App\\Models\\v1\\Category', '2020-07-13 15:48:34', '2020-11-26 07:20:39'),
(121, 1, 'category_63', 'https://dsshop.dswjcms.com/storage/image/category/oYkVY1606375245.png', 63, 'App\\Models\\v1\\Category', '2020-07-13 15:49:01', '2020-11-26 07:20:48'),
(122, 1, 'category_64', 'https://dsshop.dswjcms.com/storage/image/category/HMi0h1606375257.png', 64, 'App\\Models\\v1\\Category', '2020-07-13 15:49:43', '2020-11-26 07:21:00'),
(123, 1, 'category_73', 'https://dsshop.dswjcms.com/storage/image/category/h6OZV1606375632.png', 73, 'App\\Models\\v1\\Category', '2020-07-13 16:00:19', '2020-11-26 07:27:15'),
(124, 1, 'category_75', 'https://dsshop.dswjcms.com/storage/image/category/xpleS1606375650.png', 75, 'App\\Models\\v1\\Category', '2020-07-13 16:01:11', '2020-11-26 07:27:32'),
(125, 1, 'category_76', 'https://dsshop.dswjcms.com/storage/image/category/PedXS1606375660.png', 76, 'App\\Models\\v1\\Category', '2020-07-13 16:01:43', '2020-11-26 07:27:42'),
(126, 1, 'category_77', 'https://dsshop.dswjcms.com/storage/image/category/zQmGR1606375673.png', 77, 'App\\Models\\v1\\Category', '2020-07-13 16:02:29', '2020-11-26 07:27:55'),
(127, 1, 'category_78', 'https://dsshop.dswjcms.com/storage/image/category/Z4p2i1606375684.png', 78, 'App\\Models\\v1\\Category', '2020-07-13 16:02:54', '2020-11-26 07:28:06'),
(128, 1, 'category_81', 'https://dsshop.dswjcms.com/storage/image/category/9174z1606375706.png', 81, 'App\\Models\\v1\\Category', '2020-07-13 16:03:46', '2020-11-26 07:28:28'),
(129, 1, 'category_82', 'https://dsshop.dswjcms.com/storage/image/category/Oqvun1606375715.png', 82, 'App\\Models\\v1\\Category', '2020-07-13 16:04:12', '2020-11-26 07:28:38'),
(130, 1, 'category_83', 'https://dsshop.dswjcms.com/storage/image/category/KyzrV1606375733.png', 83, 'App\\Models\\v1\\Category', '2020-07-13 16:04:40', '2020-11-26 07:28:54'),
(131, 1, 'category_84', 'https://dsshop.dswjcms.com/storage/image/category/wZDt51606375747.png', 84, 'App\\Models\\v1\\Category', '2020-07-13 16:05:38', '2020-11-26 07:29:09'),
(132, 1, 'category_85', 'https://dsshop.dswjcms.com/storage/image/category/QQCMJ1606375775.png', 85, 'App\\Models\\v1\\Category', '2020-07-13 16:06:11', '2020-11-26 07:29:37'),
(133, 1, 'category_86', 'https://dsshop.dswjcms.com/storage/image/category/7SEcl1606375787.png', 86, 'App\\Models\\v1\\Category', '2020-07-13 16:08:54', '2020-11-26 07:29:49'),
(134, 1, 'category_87', 'https://dsshop.dswjcms.com/storage/image/category/XXVUR1606375798.png', 87, 'App\\Models\\v1\\Category', '2020-07-13 16:09:33', '2020-11-26 07:30:00'),
(135, 1, 'category_88', 'https://dsshop.dswjcms.com/storage/image/category/zXwpY1606375810.png', 88, 'App\\Models\\v1\\Category', '2020-07-13 16:10:23', '2020-11-26 07:30:12'),
(136, 1, 'category_89', 'https://dsshop.dswjcms.com/storage/image/category/72OBu1606375821.png', 89, 'App\\Models\\v1\\Category', '2020-07-13 16:11:06', '2020-11-26 07:30:23'),
(137, 1, 'brand_2', '', 2, 'App\\Models\\v1\\Brand', '2020-07-13 16:26:08', '2020-07-13 16:26:08'),
(138, 1, 'brand_2', '', 2, 'App\\Models\\v1\\Brand', '2020-07-13 16:26:52', '2020-07-13 16:26:52'),
(139, 1, 'goods_4', 'https://dsshop.dswjcms.com/storage/image/good/5t53u1594636914.jpg', 4, 'App\\Models\\v1\\Good', '2020-07-13 18:54:27', '2020-07-13 18:54:27'),
(140, 1, 'goods_4', 'https://dsshop.dswjcms.com/storage/image/good/Qq1sH1594636914.jpg', 4, 'App\\Models\\v1\\Good', '2020-07-13 18:54:27', '2020-07-13 18:54:27'),
(141, 1, 'goods_4', 'https://dsshop.dswjcms.com/storage/image/good/O926U1594636914.jpg', 4, 'App\\Models\\v1\\Good', '2020-07-13 18:54:27', '2020-07-13 18:54:27'),
(142, 1, 'goods_5', 'https://dsshop.dswjcms.com/storage/image/good/v6zkN1594639997.jpg', 5, 'App\\Models\\v1\\Good', '2020-07-13 19:40:33', '2020-07-13 19:40:33'),
(143, 1, 'goods_5', 'https://dsshop.dswjcms.com/storage/image/good/AiZbb1594639997.jpg', 5, 'App\\Models\\v1\\Good', '2020-07-13 19:40:33', '2020-07-13 19:40:33'),
(144, 1, 'goods_5', 'https://dsshop.dswjcms.com/storage/image/good/YYQaq1594639997.jpg', 5, 'App\\Models\\v1\\Good', '2020-07-13 19:40:33', '2020-07-13 19:40:33'),
(160, 1, 'goods_6', 'https://dsshop.dswjcms.com/storage/image/good/tYxbt1594640811.jpg', 6, 'App\\Models\\v1\\Good', '2020-07-13 19:52:43', '2020-07-13 19:52:43'),
(161, 1, 'goods_6', 'https://dsshop.dswjcms.com/storage/image/good/tHSLo1594640811.jpg', 6, 'App\\Models\\v1\\Good', '2020-07-13 19:52:43', '2020-07-13 19:52:43'),
(162, 1, 'goods_6', 'https://dsshop.dswjcms.com/storage/image/good/dE9ai1594640811.jpg', 6, 'App\\Models\\v1\\Good', '2020-07-13 19:52:43', '2020-07-13 19:52:43'),
(163, 1, 'goods_6', 'https://dsshop.dswjcms.com/storage/image/good/2AKHT1594640811.jpg', 6, 'App\\Models\\v1\\Good', '2020-07-13 19:52:43', '2020-07-13 19:52:43'),
(212, 1, 'goods_7', 'https://dsshop.dswjcms.com/storage/image/good/qx7tj1594642964.jpg', 7, 'App\\Models\\v1\\Good', '2020-07-13 20:25:17', '2020-07-13 20:25:17'),
(213, 1, 'goods_8', 'https://dsshop.dswjcms.com/storage/image/good/Dbjxd1594643168.jpg', 8, 'App\\Models\\v1\\Good', '2020-07-13 20:28:33', '2020-07-13 20:28:33'),
(214, 1, 'goods_9', 'https://dsshop.dswjcms.com/storage/image/good/cYOXw1594643424.jpg', 9, 'App\\Models\\v1\\Good', '2020-07-13 20:33:52', '2020-07-13 20:33:52'),
(215, 1, 'banner_4', 'http://dsshop.dswjcms.com/storage/image/banner/kHi8T1596112325.jpg', 4, 'App\\Models\\v1\\Banner', '2020-07-18 20:07:15', '2020-07-30 12:32:06'),
(216, 1, 'banner_5', 'https://dsshop.dswjcms.com/storage/image/banner/T1JRy1595074203.jpg', 5, 'App\\Models\\v1\\Banner', '2020-07-18 20:10:04', '2020-07-18 20:10:04'),
(217, 1, 'banner_6', 'https://dsshop.dswjcms.com/storage/image/banner/lR2b61595074212.jpg', 6, 'App\\Models\\v1\\Banner', '2020-07-18 20:10:13', '2020-07-18 20:10:13'),
(218, 1, 'banner_7', 'http://dsshop.dswjcms.com/storage/image/banner/kMwV81596110235.jpg', 7, 'App\\Models\\v1\\Banner', '2020-07-18 20:12:08', '2020-07-30 11:58:02'),
(219, 1, 'goods_11_zimg', 'https://dsshop.dswjcms.com/storage/image/good/Ghpkc1606374138.jpg', 11, 'App\\Models\\v1\\Good', '2020-07-30 08:14:12', '2020-11-26 07:02:20'),
(220, 2, 'goods_11_video', 'http://cloud.video.taobao.com/play/u/263817957/p/1/e/6/t/1/261121675879.mp4', 11, 'App\\Models\\v1\\Good', '2020-07-30 08:14:12', '2020-07-30 08:14:12'),
(221, 1, 'goods_11_poster', 'https://img.alicdn.com/bao/uploaded/i3/263817957/O1CN0138cUBa28eM5dZOPGy_!!263817957.jpg_600x600.jpg', 11, 'App\\Models\\v1\\Good', '2020-07-30 08:14:12', '2020-07-30 08:14:12'),
(222, 1, 'goods_11', 'http://dsshop.dswjcms.com/storage/image/good/O6VAr1596097145.jpg', 11, 'App\\Models\\v1\\Good', '2020-07-30 08:19:15', '2020-07-30 08:19:15'),
(223, 1, 'goods_12_zimg', 'https://dsshop.dswjcms.com/storage/image/good/1GnDU1606374097.jpg', 12, 'App\\Models\\v1\\Good', '2020-07-30 11:11:00', '2020-11-26 07:01:40'),
(224, 2, 'goods_12_video', 'http://cloud.video.taobao.com/play/u/513051429/p/1/e/6/t/1/273428375955.mp4', 12, 'App\\Models\\v1\\Good', '2020-07-30 11:11:00', '2020-07-30 11:11:00'),
(225, 1, 'goods_12_poster', 'https://img.alicdn.com/bao/uploaded/i2/513051429/O1CN01VzlrDP1MQWag2hxac-513051429.jpg_600x600.jpg', 12, 'App\\Models\\v1\\Good', '2020-07-30 11:11:00', '2020-07-30 11:11:00'),
(226, 1, 'goods_13_zimg', 'https://dsshop.dswjcms.com/storage/image/good/aNO9b1606374113.jpg', 13, 'App\\Models\\v1\\Good', '2020-07-30 11:17:39', '2020-11-26 07:01:56'),
(227, 1, 'goods_14_zimg', 'https://dsshop.dswjcms.com/storage/image/good/vS2GG1606374124.jpg', 14, 'App\\Models\\v1\\Good', '2020-07-30 11:20:29', '2020-11-26 07:02:06'),
(228, 1, 'goods_15_zimg', 'https://dsshop.dswjcms.com/storage/image/good/3EyAb1606374083.jpg', 15, 'App\\Models\\v1\\Good', '2020-07-30 11:25:25', '2020-11-26 07:01:25'),
(229, 1, 'goods_16_zimg', 'https://dsshop.dswjcms.com/storage/image/good/fCS5n1606374068.jpg', 16, 'App\\Models\\v1\\Good', '2020-07-30 11:28:00', '2020-11-26 07:01:12'),
(230, 1, 'goods_17_zimg', 'https://dsshop.dswjcms.com/storage/image/good/2tYj11606374056.jpg', 17, 'App\\Models\\v1\\Good', '2020-07-30 11:31:07', '2020-11-26 07:00:59'),
(231, 1, 'goods_18_zimg', 'https://dsshop.dswjcms.com/storage/image/good/NpxIR1606374039.jpg', 18, 'App\\Models\\v1\\Good', '2020-07-30 11:33:33', '2020-11-26 07:00:42'),
(232, 1, 'goods_19_zimg', 'https://dsshop.dswjcms.com/storage/image/good/NwP0y1606373468.jpg', 19, 'App\\Models\\v1\\Good', '2020-07-30 11:36:03', '2020-11-26 06:51:12'),
(233, 1, 'goods_20_zimg', 'https://dsshop.dswjcms.com/storage/image/good/Ty73f1606373454.jpg', 20, 'App\\Models\\v1\\Good', '2020-07-30 11:38:38', '2020-11-26 06:50:58'),
(234, 1, 'goods_21_zimg', 'https://dsshop.dswjcms.com/storage/image/good/uIzny1606373438.jpg', 21, 'App\\Models\\v1\\Good', '2020-07-30 11:42:54', '2020-11-26 06:50:42'),
(236, 1, 'column_1', 'https://dsshop.dswjcms.com/storage/image/column/r6Qhh1604189336.jpg', 1, 'App\\Models\\v1\\Column', '2020-11-01 00:09:50', '2020-11-01 00:09:50'),
(237, 1, 'column_2', 'https://dsshop.dswjcms.com/storage/image/column/F5Ukt1606396304.jpg', 2, 'App\\Models\\v1\\Column', '2020-11-01 00:10:12', '2020-11-26 13:11:58'),
(238, 1, 'article_1', 'https://dsshop.dswjcms.com/storage/image/article/Wmyjf1604190399.jpg', 1, 'App\\Models\\v1\\Article', '2020-11-01 00:28:52', '2020-11-01 00:28:52'),
(240, 1, 'comment_2', 'https://dsshop.dswjcms.com/storage/image/comment/XtrI71608431051.png', 2, 'App\\Models\\v1\\Comment', '2020-12-20 10:25:41', '2020-12-20 10:25:41'),
(241, 1, 'comment_3', 'https://dsshop.dswjcms.com/storage/image/comment/DvT6A1608431509.jpg', 3, 'App\\Models\\v1\\Comment', '2020-12-20 10:32:04', '2020-12-20 10:32:04'),
(242, 1, 'goods_22_zimg', 'http://dsshop.test/storage/image/good/BcGur1612063352.png', 22, 'App\\Models\\v1\\Good', '2021-01-31 11:22:46', '2021-01-31 11:22:46'),
(243, 1, 'goods_22', 'http://dsshop.test/storage/image/good/dLzn11612063358.png', 22, 'App\\Models\\v1\\Good', '2021-01-31 11:22:46', '2021-01-31 11:22:46'),
(244, 1, 'goods_22', 'http://dsshop.test/storage/image/good/oIH841612063358.png', 22, 'App\\Models\\v1\\Good', '2021-01-31 11:22:46', '2021-01-31 11:22:46'),
(245, 1, 'product_sku_271', 'http://dsshop.test/storage/image/product_sku/pJSUb1612063321.png', 271, 'App\\Models\\v1\\GoodSku', '2021-01-31 11:22:46', '2021-01-31 11:22:46'),
(246, 1, 'product_sku_272', 'http://dsshop.test/storage/image/product_sku/zIrSs1612063323.png', 272, 'App\\Models\\v1\\GoodSku', '2021-01-31 11:22:46', '2021-01-31 11:22:46'),
(247, 1, 'product_sku_271', 'http://dsshop.test/storage/image/product_sku/pJSUb1612063321.png', 271, 'App\\Models\\v1\\GoodSku', '2021-01-31 11:26:49', '2021-01-31 11:26:49'),
(248, 1, 'product_sku_272', 'http://dsshop.test/storage/image/product_sku/zIrSs1612063323.png', 272, 'App\\Models\\v1\\GoodSku', '2021-01-31 11:26:49', '2021-01-31 11:26:49'),
(249, 1, 'product_sku_271', 'http://dsshop.test/storage/image/product_sku/pJSUb1612063321.png', 271, 'App\\Models\\v1\\GoodSku', '2021-01-31 11:27:38', '2021-01-31 11:27:38'),
(250, 1, 'product_sku_272', 'http://dsshop.test/storage/image/product_sku/zIrSs1612063323.png', 272, 'App\\Models\\v1\\GoodSku', '2021-01-31 11:27:38', '2021-01-31 11:27:38'),
(251, 1, 'goods_23_zimg', 'http://dsshop.test/storage/image/good/qoaR41612066855.png', 23, 'App\\Models\\v1\\Good', '2021-01-31 12:21:21', '2021-01-31 12:21:21'),
(252, 1, 'goods_24_zimg', 'http://dsshop.test/storage/image/good/68VYC1612067090.png', 24, 'App\\Models\\v1\\Good', '2021-01-31 12:25:25', '2021-01-31 12:25:25');
INSERT INTO `specifications` (`id`, `specification_group_id`, `name`, `type`, `is_search`, `location`, `value`, `label`, `sort`, `deleted_at`, `created_at`, `updated_at`) VALUES
(1, 1, '棉含量', 1, 0, 2, NULL, '棉含量', 5, NULL, '2020-04-24 09:57:48', '2020-07-13 16:30:27'),
(2, 1, '材质', 2, 0, 2, '棉\n麻', '材质', 5, NULL, '2020-04-24 09:59:00', '2020-07-13 16:30:07'),
(3, 1, '产地', 1, 0, 2, NULL, '产地', 5, NULL, '2020-04-24 09:59:17', '2020-04-24 09:59:17'),
(4, 1, '尺寸', 2, 0, 2, 'x\nxl\nxxl\nxxxl', '尺寸', 5, NULL, '2020-04-24 09:59:44', '2020-07-13 16:30:44'),
(5, 1, '厚度', 2, 0, 2, '0.6mm\n0.7mm\n0.8mm', '厚度', 5, NULL, '2020-04-24 10:00:58', '2020-04-24 10:00:58'),
(6, 1, '测试2', 1, 0, 0, NULL, '测试', 5, NULL, '2021-01-31 15:44:43', '2021-01-31 15:45:51');
INSERT INTO `specification_groups` (`id`, `name`, `deleted_at`, `created_at`, `updated_at`) VALUES
(1, '产品参数', NULL, '2020-04-24 09:57:14', '2020-04-24 09:57:14'),
(2, '测试2', NULL, '2021-01-31 16:23:54', '2021-01-31 16:24:03');